10	112	1545.39	21736.05	4642.37	100.45	7c95fec4-38dc-11e6-8ed2-e75fdd4ec687	{"cachesize":20,"userthreads":112,"engine":"wt","storage":"sam863","workload":"RW","compression":"snappy","server":"blade3","network":"client","runsign":"oltp_rw_longrun_cache20G_sam863_network","syncdelay":"60"}
20	112	1520.90	21291.67	4561.89	108.33	7c95fec4-38dc-11e6-8ed2-e75fdd4ec687	{"cachesize":20,"userthreads":112,"engine":"wt","storage":"sam863","workload":"RW","compression":"snappy","server":"blade3","network":"client","runsign":"oltp_rw_longrun_cache20G_sam863_network","syncdelay":"60"}
30	112	1446.70	20255.83	4338.71	115.01	7c95fec4-38dc-11e6-8ed2-e75fdd4ec687	{"cachesize":20,"userthreads":112,"engine":"wt","storage":"sam863","workload":"RW","compression":"snappy","server":"blade3","network":"client","runsign":"oltp_rw_longrun_cache20G_sam863_network","syncdelay":"60"}
40	112	1347.50	18872.10	4043.30	131.59	7c95fec4-38dc-11e6-8ed2-e75fdd4ec687	{"cachesize":20,"userthreads":112,"engine":"wt","storage":"sam863","workload":"RW","compression":"snappy","server":"blade3","network":"client","runsign":"oltp_rw_longrun_cache20G_sam863_network","syncdelay":"60"}
50	112	1208.00	16901.93	3624.59	151.52	7c95fec4-38dc-11e6-8ed2-e75fdd4ec687	{"cachesize":20,"userthreads":112,"engine":"wt","storage":"sam863","workload":"RW","compression":"snappy","server":"blade3","network":"client","runsign":"oltp_rw_longrun_cache20G_sam863_network","syncdelay":"60"}
60	112	894.70	12521.84	2682.91	225.48	7c95fec4-38dc-11e6-8ed2-e75fdd4ec687	{"cachesize":20,"userthreads":112,"engine":"wt","storage":"sam863","workload":"RW","compression":"snappy","server":"blade3","network":"client","runsign":"oltp_rw_longrun_cache20G_sam863_network","syncdelay":"60"}
70	112	881.70	12342.78	2644.50	216.29	7c95fec4-38dc-11e6-8ed2-e75fdd4ec687	{"cachesize":20,"userthreads":112,"engine":"wt","storage":"sam863","workload":"RW","compression":"snappy","server":"blade3","network":"client","runsign":"oltp_rw_longrun_cache20G_sam863_network","syncdelay":"60"}
80	112	941.40	13187.70	2825.20	166.95	7c95fec4-38dc-11e6-8ed2-e75fdd4ec687	{"cachesize":20,"userthreads":112,"engine":"wt","storage":"sam863","workload":"RW","compression":"snappy","server":"blade3","network":"client","runsign":"oltp_rw_longrun_cache20G_sam863_network","syncdelay":"60"}
90	112	1225.50	17162.54	3676.91	141.31	7c95fec4-38dc-11e6-8ed2-e75fdd4ec687	{"cachesize":20,"userthreads":112,"engine":"wt","storage":"sam863","workload":"RW","compression":"snappy","server":"blade3","network":"client","runsign":"oltp_rw_longrun_cache20G_sam863_network","syncdelay":"60"}
100	112	1323.70	18526.30	3971.30	121.27	7c95fec4-38dc-11e6-8ed2-e75fdd4ec687	{"cachesize":20,"userthreads":112,"engine":"wt","storage":"sam863","workload":"RW","compression":"snappy","server":"blade3","network":"client","runsign":"oltp_rw_longrun_cache20G_sam863_network","syncdelay":"60"}
110	112	1295.70	18137.71	3886.70	130.14	7c95fec4-38dc-11e6-8ed2-e75fdd4ec687	{"cachesize":20,"userthreads":112,"engine":"wt","storage":"sam863","workload":"RW","compression":"snappy","server":"blade3","network":"client","runsign":"oltp_rw_longrun_cache20G_sam863_network","syncdelay":"60"}
120	112	1208.40	16925.26	3627.59	146.83	7c95fec4-38dc-11e6-8ed2-e75fdd4ec687	{"cachesize":20,"userthreads":112,"engine":"wt","storage":"sam863","workload":"RW","compression":"snappy","server":"blade3","network":"client","runsign":"oltp_rw_longrun_cache20G_sam863_network","syncdelay":"60"}
130	112	1155.30	16160.00	3463.70	159.95	7c95fec4-38dc-11e6-8ed2-e75fdd4ec687	{"cachesize":20,"userthreads":112,"engine":"wt","storage":"sam863","workload":"RW","compression":"snappy","server":"blade3","network":"client","runsign":"oltp_rw_longrun_cache20G_sam863_network","syncdelay":"60"}
140	112	1173.60	16429.58	3520.40	154.36	7c95fec4-38dc-11e6-8ed2-e75fdd4ec687	{"cachesize":20,"userthreads":112,"engine":"wt","storage":"sam863","workload":"RW","compression":"snappy","server":"blade3","network":"client","runsign":"oltp_rw_longrun_cache20G_sam863_network","syncdelay":"60"}
150	112	962.20	13482.20	2887.20	216.29	7c95fec4-38dc-11e6-8ed2-e75fdd4ec687	{"cachesize":20,"userthreads":112,"engine":"wt","storage":"sam863","workload":"RW","compression":"snappy","server":"blade3","network":"client","runsign":"oltp_rw_longrun_cache20G_sam863_network","syncdelay":"60"}
160	112	890.20	12459.11	2669.40	217.78	7c95fec4-38dc-11e6-8ed2-e75fdd4ec687	{"cachesize":20,"userthreads":112,"engine":"wt","storage":"sam863","workload":"RW","compression":"snappy","server":"blade3","network":"client","runsign":"oltp_rw_longrun_cache20G_sam863_network","syncdelay":"60"}
170	112	978.90	13714.25	2938.51	163.49	7c95fec4-38dc-11e6-8ed2-e75fdd4ec687	{"cachesize":20,"userthreads":112,"engine":"wt","storage":"sam863","workload":"RW","compression":"snappy","server":"blade3","network":"client","runsign":"oltp_rw_longrun_cache20G_sam863_network","syncdelay":"60"}
180	112	1212.00	16944.85	3633.19	149.40	7c95fec4-38dc-11e6-8ed2-e75fdd4ec687	{"cachesize":20,"userthreads":112,"engine":"wt","storage":"sam863","workload":"RW","compression":"snappy","server":"blade3","network":"client","runsign":"oltp_rw_longrun_cache20G_sam863_network","syncdelay":"60"}
190	112	1331.90	18659.86	3997.71	124.76	7c95fec4-38dc-11e6-8ed2-e75fdd4ec687	{"cachesize":20,"userthreads":112,"engine":"wt","storage":"sam863","workload":"RW","compression":"snappy","server":"blade3","network":"client","runsign":"oltp_rw_longrun_cache20G_sam863_network","syncdelay":"60"}
200	112	1313.00	18382.06	3939.89	136.32	7c95fec4-38dc-11e6-8ed2-e75fdd4ec687	{"cachesize":20,"userthreads":112,"engine":"wt","storage":"sam863","workload":"RW","compression":"snappy","server":"blade3","network":"client","runsign":"oltp_rw_longrun_cache20G_sam863_network","syncdelay":"60"}
210	112	1192.50	16702.52	3578.20	168.05	7c95fec4-38dc-11e6-8ed2-e75fdd4ec687	{"cachesize":20,"userthreads":112,"engine":"wt","storage":"sam863","workload":"RW","compression":"snappy","server":"blade3","network":"client","runsign":"oltp_rw_longrun_cache20G_sam863_network","syncdelay":"60"}
220	112	1146.80	16045.11	3439.00	185.33	7c95fec4-38dc-11e6-8ed2-e75fdd4ec687	{"cachesize":20,"userthreads":112,"engine":"wt","storage":"sam863","workload":"RW","compression":"snappy","server":"blade3","network":"client","runsign":"oltp_rw_longrun_cache20G_sam863_network","syncdelay":"60"}
230	112	1193.80	16713.50	3580.80	158.14	7c95fec4-38dc-11e6-8ed2-e75fdd4ec687	{"cachesize":20,"userthreads":112,"engine":"wt","storage":"sam863","workload":"RW","compression":"snappy","server":"blade3","network":"client","runsign":"oltp_rw_longrun_cache20G_sam863_network","syncdelay":"60"}
240	112	920.50	12892.15	2762.69	239.32	7c95fec4-38dc-11e6-8ed2-e75fdd4ec687	{"cachesize":20,"userthreads":112,"engine":"wt","storage":"sam863","workload":"RW","compression":"snappy","server":"blade3","network":"client","runsign":"oltp_rw_longrun_cache20G_sam863_network","syncdelay":"60"}
250	112	804.20	11248.61	2411.20	288.03	7c95fec4-38dc-11e6-8ed2-e75fdd4ec687	{"cachesize":20,"userthreads":112,"engine":"wt","storage":"sam863","workload":"RW","compression":"snappy","server":"blade3","network":"client","runsign":"oltp_rw_longrun_cache20G_sam863_network","syncdelay":"60"}
260	112	887.80	12435.58	2664.60	214.42	7c95fec4-38dc-11e6-8ed2-e75fdd4ec687	{"cachesize":20,"userthreads":112,"engine":"wt","storage":"sam863","workload":"RW","compression":"snappy","server":"blade3","network":"client","runsign":"oltp_rw_longrun_cache20G_sam863_network","syncdelay":"60"}
270	112	1148.30	16068.57	3443.31	163.78	7c95fec4-38dc-11e6-8ed2-e75fdd4ec687	{"cachesize":20,"userthreads":112,"engine":"wt","storage":"sam863","workload":"RW","compression":"snappy","server":"blade3","network":"client","runsign":"oltp_rw_longrun_cache20G_sam863_network","syncdelay":"60"}
280	112	1346.89	18869.72	4044.28	122.03	7c95fec4-38dc-11e6-8ed2-e75fdd4ec687	{"cachesize":20,"userthreads":112,"engine":"wt","storage":"sam863","workload":"RW","compression":"snappy","server":"blade3","network":"client","runsign":"oltp_rw_longrun_cache20G_sam863_network","syncdelay":"60"}
290	112	1318.90	18464.73	3954.21	130.96	7c95fec4-38dc-11e6-8ed2-e75fdd4ec687	{"cachesize":20,"userthreads":112,"engine":"wt","storage":"sam863","workload":"RW","compression":"snappy","server":"blade3","network":"client","runsign":"oltp_rw_longrun_cache20G_sam863_network","syncdelay":"60"}
300	112	1208.40	16917.68	3625.69	167.10	7c95fec4-38dc-11e6-8ed2-e75fdd4ec687	{"cachesize":20,"userthreads":112,"engine":"wt","storage":"sam863","workload":"RW","compression":"snappy","server":"blade3","network":"client","runsign":"oltp_rw_longrun_cache20G_sam863_network","syncdelay":"60"}
310	112	1163.80	16287.82	3491.40	181.44	7c95fec4-38dc-11e6-8ed2-e75fdd4ec687	{"cachesize":20,"userthreads":112,"engine":"wt","storage":"sam863","workload":"RW","compression":"snappy","server":"blade3","network":"client","runsign":"oltp_rw_longrun_cache20G_sam863_network","syncdelay":"60"}
320	112	1190.70	16674.80	3571.50	166.25	7c95fec4-38dc-11e6-8ed2-e75fdd4ec687	{"cachesize":20,"userthreads":112,"engine":"wt","storage":"sam863","workload":"RW","compression":"snappy","server":"blade3","network":"client","runsign":"oltp_rw_longrun_cache20G_sam863_network","syncdelay":"60"}
330	112	1034.90	14486.00	3104.70	177.83	7c95fec4-38dc-11e6-8ed2-e75fdd4ec687	{"cachesize":20,"userthreads":112,"engine":"wt","storage":"sam863","workload":"RW","compression":"snappy","server":"blade3","network":"client","runsign":"oltp_rw_longrun_cache20G_sam863_network","syncdelay":"60"}
340	112	897.00	12554.83	2691.21	222.99	7c95fec4-38dc-11e6-8ed2-e75fdd4ec687	{"cachesize":20,"userthreads":112,"engine":"wt","storage":"sam863","workload":"RW","compression":"snappy","server":"blade3","network":"client","runsign":"oltp_rw_longrun_cache20G_sam863_network","syncdelay":"60"}
350	112	986.60	13819.99	2961.20	183.84	7c95fec4-38dc-11e6-8ed2-e75fdd4ec687	{"cachesize":20,"userthreads":112,"engine":"wt","storage":"sam863","workload":"RW","compression":"snappy","server":"blade3","network":"client","runsign":"oltp_rw_longrun_cache20G_sam863_network","syncdelay":"60"}
360	112	1057.00	14800.71	3171.00	160.43	7c95fec4-38dc-11e6-8ed2-e75fdd4ec687	{"cachesize":20,"userthreads":112,"engine":"wt","storage":"sam863","workload":"RW","compression":"snappy","server":"blade3","network":"client","runsign":"oltp_rw_longrun_cache20G_sam863_network","syncdelay":"60"}
370	112	1350.20	18880.64	4047.99	122.14	7c95fec4-38dc-11e6-8ed2-e75fdd4ec687	{"cachesize":20,"userthreads":112,"engine":"wt","storage":"sam863","workload":"RW","compression":"snappy","server":"blade3","network":"client","runsign":"oltp_rw_longrun_cache20G_sam863_network","syncdelay":"60"}
380	112	1334.70	18699.51	4005.70	126.99	7c95fec4-38dc-11e6-8ed2-e75fdd4ec687	{"cachesize":20,"userthreads":112,"engine":"wt","storage":"sam863","workload":"RW","compression":"snappy","server":"blade3","network":"client","runsign":"oltp_rw_longrun_cache20G_sam863_network","syncdelay":"60"}
390	112	1286.50	18016.05	3860.51	144.00	7c95fec4-38dc-11e6-8ed2-e75fdd4ec687	{"cachesize":20,"userthreads":112,"engine":"wt","storage":"sam863","workload":"RW","compression":"snappy","server":"blade3","network":"client","runsign":"oltp_rw_longrun_cache20G_sam863_network","syncdelay":"60"}
400	112	1180.90	16533.50	3542.10	166.25	7c95fec4-38dc-11e6-8ed2-e75fdd4ec687	{"cachesize":20,"userthreads":112,"engine":"wt","storage":"sam863","workload":"RW","compression":"snappy","server":"blade3","network":"client","runsign":"oltp_rw_longrun_cache20G_sam863_network","syncdelay":"60"}
410	112	1222.90	17121.96	3668.29	159.00	7c95fec4-38dc-11e6-8ed2-e75fdd4ec687	{"cachesize":20,"userthreads":112,"engine":"wt","storage":"sam863","workload":"RW","compression":"snappy","server":"blade3","network":"client","runsign":"oltp_rw_longrun_cache20G_sam863_network","syncdelay":"60"}
420	112	1174.80	16442.84	3523.61	153.20	7c95fec4-38dc-11e6-8ed2-e75fdd4ec687	{"cachesize":20,"userthreads":112,"engine":"wt","storage":"sam863","workload":"RW","compression":"snappy","server":"blade3","network":"client","runsign":"oltp_rw_longrun_cache20G_sam863_network","syncdelay":"60"}
430	112	902.50	12637.27	2707.69	233.30	7c95fec4-38dc-11e6-8ed2-e75fdd4ec687	{"cachesize":20,"userthreads":112,"engine":"wt","storage":"sam863","workload":"RW","compression":"snappy","server":"blade3","network":"client","runsign":"oltp_rw_longrun_cache20G_sam863_network","syncdelay":"60"}
440	112	892.10	12481.89	2676.30	207.72	7c95fec4-38dc-11e6-8ed2-e75fdd4ec687	{"cachesize":20,"userthreads":112,"engine":"wt","storage":"sam863","workload":"RW","compression":"snappy","server":"blade3","network":"client","runsign":"oltp_rw_longrun_cache20G_sam863_network","syncdelay":"60"}
450	112	974.60	13638.20	2923.00	161.01	7c95fec4-38dc-11e6-8ed2-e75fdd4ec687	{"cachesize":20,"userthreads":112,"engine":"wt","storage":"sam863","workload":"RW","compression":"snappy","server":"blade3","network":"client","runsign":"oltp_rw_longrun_cache20G_sam863_network","syncdelay":"60"}
460	112	1263.60	17709.72	3794.40	137.88	7c95fec4-38dc-11e6-8ed2-e75fdd4ec687	{"cachesize":20,"userthreads":112,"engine":"wt","storage":"sam863","workload":"RW","compression":"snappy","server":"blade3","network":"client","runsign":"oltp_rw_longrun_cache20G_sam863_network","syncdelay":"60"}
470	112	1348.70	18869.00	4042.50	121.27	7c95fec4-38dc-11e6-8ed2-e75fdd4ec687	{"cachesize":20,"userthreads":112,"engine":"wt","storage":"sam863","workload":"RW","compression":"snappy","server":"blade3","network":"client","runsign":"oltp_rw_longrun_cache20G_sam863_network","syncdelay":"60"}
480	112	1331.20	18641.02	3994.40	126.38	7c95fec4-38dc-11e6-8ed2-e75fdd4ec687	{"cachesize":20,"userthreads":112,"engine":"wt","storage":"sam863","workload":"RW","compression":"snappy","server":"blade3","network":"client","runsign":"oltp_rw_longrun_cache20G_sam863_network","syncdelay":"60"}
490	112	1272.70	17813.04	3818.51	140.00	7c95fec4-38dc-11e6-8ed2-e75fdd4ec687	{"cachesize":20,"userthreads":112,"engine":"wt","storage":"sam863","workload":"RW","compression":"snappy","server":"blade3","network":"client","runsign":"oltp_rw_longrun_cache20G_sam863_network","syncdelay":"60"}
500	112	1175.00	16449.96	3524.99	164.47	7c95fec4-38dc-11e6-8ed2-e75fdd4ec687	{"cachesize":20,"userthreads":112,"engine":"wt","storage":"sam863","workload":"RW","compression":"snappy","server":"blade3","network":"client","runsign":"oltp_rw_longrun_cache20G_sam863_network","syncdelay":"60"}
510	112	1234.40	17276.04	3702.21	147.71	7c95fec4-38dc-11e6-8ed2-e75fdd4ec687	{"cachesize":20,"userthreads":112,"engine":"wt","storage":"sam863","workload":"RW","compression":"snappy","server":"blade3","network":"client","runsign":"oltp_rw_longrun_cache20G_sam863_network","syncdelay":"60"}
520	112	927.10	12980.55	2781.89	253.63	7c95fec4-38dc-11e6-8ed2-e75fdd4ec687	{"cachesize":20,"userthreads":112,"engine":"wt","storage":"sam863","workload":"RW","compression":"snappy","server":"blade3","network":"client","runsign":"oltp_rw_longrun_cache20G_sam863_network","syncdelay":"60"}
530	112	913.90	12795.81	2741.50	217.85	7c95fec4-38dc-11e6-8ed2-e75fdd4ec687	{"cachesize":20,"userthreads":112,"engine":"wt","storage":"sam863","workload":"RW","compression":"snappy","server":"blade3","network":"client","runsign":"oltp_rw_longrun_cache20G_sam863_network","syncdelay":"60"}
540	112	962.00	13490.20	2889.40	174.82	7c95fec4-38dc-11e6-8ed2-e75fdd4ec687	{"cachesize":20,"userthreads":112,"engine":"wt","storage":"sam863","workload":"RW","compression":"snappy","server":"blade3","network":"client","runsign":"oltp_rw_longrun_cache20G_sam863_network","syncdelay":"60"}
550	112	1105.70	15465.74	3314.51	156.40	7c95fec4-38dc-11e6-8ed2-e75fdd4ec687	{"cachesize":20,"userthreads":112,"engine":"wt","storage":"sam863","workload":"RW","compression":"snappy","server":"blade3","network":"client","runsign":"oltp_rw_longrun_cache20G_sam863_network","syncdelay":"60"}
560	112	1338.60	18735.27	4015.39	124.62	7c95fec4-38dc-11e6-8ed2-e75fdd4ec687	{"cachesize":20,"userthreads":112,"engine":"wt","storage":"sam863","workload":"RW","compression":"snappy","server":"blade3","network":"client","runsign":"oltp_rw_longrun_cache20G_sam863_network","syncdelay":"60"}
570	112	1317.60	18444.68	3952.80	131.32	7c95fec4-38dc-11e6-8ed2-e75fdd4ec687	{"cachesize":20,"userthreads":112,"engine":"wt","storage":"sam863","workload":"RW","compression":"snappy","server":"blade3","network":"client","runsign":"oltp_rw_longrun_cache20G_sam863_network","syncdelay":"60"}
580	112	1255.00	17573.04	3765.21	142.41	7c95fec4-38dc-11e6-8ed2-e75fdd4ec687	{"cachesize":20,"userthreads":112,"engine":"wt","storage":"sam863","workload":"RW","compression":"snappy","server":"blade3","network":"client","runsign":"oltp_rw_longrun_cache20G_sam863_network","syncdelay":"60"}
590	112	1186.00	16606.16	3558.39	167.10	7c95fec4-38dc-11e6-8ed2-e75fdd4ec687	{"cachesize":20,"userthreads":112,"engine":"wt","storage":"sam863","workload":"RW","compression":"snappy","server":"blade3","network":"client","runsign":"oltp_rw_longrun_cache20G_sam863_network","syncdelay":"60"}
600	112	1126.00	15758.14	3377.61	181.38	7c95fec4-38dc-11e6-8ed2-e75fdd4ec687	{"cachesize":20,"userthreads":112,"engine":"wt","storage":"sam863","workload":"RW","compression":"snappy","server":"blade3","network":"client","runsign":"oltp_rw_longrun_cache20G_sam863_network","syncdelay":"60"}
610	112	1075.00	15056.44	3225.59	186.00	7c95fec4-38dc-11e6-8ed2-e75fdd4ec687	{"cachesize":20,"userthreads":112,"engine":"wt","storage":"sam863","workload":"RW","compression":"snappy","server":"blade3","network":"client","runsign":"oltp_rw_longrun_cache20G_sam863_network","syncdelay":"60"}
620	112	928.80	12997.10	2786.00	208.91	7c95fec4-38dc-11e6-8ed2-e75fdd4ec687	{"cachesize":20,"userthreads":112,"engine":"wt","storage":"sam863","workload":"RW","compression":"snappy","server":"blade3","network":"client","runsign":"oltp_rw_longrun_cache20G_sam863_network","syncdelay":"60"}
630	112	943.60	13212.99	2830.00	194.19	7c95fec4-38dc-11e6-8ed2-e75fdd4ec687	{"cachesize":20,"userthreads":112,"engine":"wt","storage":"sam863","workload":"RW","compression":"snappy","server":"blade3","network":"client","runsign":"oltp_rw_longrun_cache20G_sam863_network","syncdelay":"60"}
640	112	1015.50	14218.63	3047.11	161.25	7c95fec4-38dc-11e6-8ed2-e75fdd4ec687	{"cachesize":20,"userthreads":112,"engine":"wt","storage":"sam863","workload":"RW","compression":"snappy","server":"blade3","network":"client","runsign":"oltp_rw_longrun_cache20G_sam863_network","syncdelay":"60"}
650	112	1325.00	18559.00	3975.20	124.32	7c95fec4-38dc-11e6-8ed2-e75fdd4ec687	{"cachesize":20,"userthreads":112,"engine":"wt","storage":"sam863","workload":"RW","compression":"snappy","server":"blade3","network":"client","runsign":"oltp_rw_longrun_cache20G_sam863_network","syncdelay":"60"}
660	112	1371.60	19192.25	4114.61	119.43	7c95fec4-38dc-11e6-8ed2-e75fdd4ec687	{"cachesize":20,"userthreads":112,"engine":"wt","storage":"sam863","workload":"RW","compression":"snappy","server":"blade3","network":"client","runsign":"oltp_rw_longrun_cache20G_sam863_network","syncdelay":"60"}
670	112	1302.89	18248.73	3908.88	131.20	7c95fec4-38dc-11e6-8ed2-e75fdd4ec687	{"cachesize":20,"userthreads":112,"engine":"wt","storage":"sam863","workload":"RW","compression":"snappy","server":"blade3","network":"client","runsign":"oltp_rw_longrun_cache20G_sam863_network","syncdelay":"60"}
680	112	1237.10	17310.92	3711.90	160.24	7c95fec4-38dc-11e6-8ed2-e75fdd4ec687	{"cachesize":20,"userthreads":112,"engine":"wt","storage":"sam863","workload":"RW","compression":"snappy","server":"blade3","network":"client","runsign":"oltp_rw_longrun_cache20G_sam863_network","syncdelay":"60"}
690	112	1212.60	16967.09	3635.00	159.09	7c95fec4-38dc-11e6-8ed2-e75fdd4ec687	{"cachesize":20,"userthreads":112,"engine":"wt","storage":"sam863","workload":"RW","compression":"snappy","server":"blade3","network":"client","runsign":"oltp_rw_longrun_cache20G_sam863_network","syncdelay":"60"}
700	112	1170.60	16402.74	3515.21	173.37	7c95fec4-38dc-11e6-8ed2-e75fdd4ec687	{"cachesize":20,"userthreads":112,"engine":"wt","storage":"sam863","workload":"RW","compression":"snappy","server":"blade3","network":"client","runsign":"oltp_rw_longrun_cache20G_sam863_network","syncdelay":"60"}
710	112	827.00	11575.31	2479.40	277.95	7c95fec4-38dc-11e6-8ed2-e75fdd4ec687	{"cachesize":20,"userthreads":112,"engine":"wt","storage":"sam863","workload":"RW","compression":"snappy","server":"blade3","network":"client","runsign":"oltp_rw_longrun_cache20G_sam863_network","syncdelay":"60"}
720	112	887.10	12413.07	2661.89	235.90	7c95fec4-38dc-11e6-8ed2-e75fdd4ec687	{"cachesize":20,"userthreads":112,"engine":"wt","storage":"sam863","workload":"RW","compression":"snappy","server":"blade3","network":"client","runsign":"oltp_rw_longrun_cache20G_sam863_network","syncdelay":"60"}
730	112	982.00	13754.02	2946.41	164.42	7c95fec4-38dc-11e6-8ed2-e75fdd4ec687	{"cachesize":20,"userthreads":112,"engine":"wt","storage":"sam863","workload":"RW","compression":"snappy","server":"blade3","network":"client","runsign":"oltp_rw_longrun_cache20G_sam863_network","syncdelay":"60"}
740	112	1181.90	16546.87	3544.69	149.27	7c95fec4-38dc-11e6-8ed2-e75fdd4ec687	{"cachesize":20,"userthreads":112,"engine":"wt","storage":"sam863","workload":"RW","compression":"snappy","server":"blade3","network":"client","runsign":"oltp_rw_longrun_cache20G_sam863_network","syncdelay":"60"}
750	112	1343.60	18816.68	4031.40	119.47	7c95fec4-38dc-11e6-8ed2-e75fdd4ec687	{"cachesize":20,"userthreads":112,"engine":"wt","storage":"sam863","workload":"RW","compression":"snappy","server":"blade3","network":"client","runsign":"oltp_rw_longrun_cache20G_sam863_network","syncdelay":"60"}
760	112	1287.80	18027.37	3863.61	134.86	7c95fec4-38dc-11e6-8ed2-e75fdd4ec687	{"cachesize":20,"userthreads":112,"engine":"wt","storage":"sam863","workload":"RW","compression":"snappy","server":"blade3","network":"client","runsign":"oltp_rw_longrun_cache20G_sam863_network","syncdelay":"60"}
770	112	1214.50	16992.00	3641.50	157.20	7c95fec4-38dc-11e6-8ed2-e75fdd4ec687	{"cachesize":20,"userthreads":112,"engine":"wt","storage":"sam863","workload":"RW","compression":"snappy","server":"blade3","network":"client","runsign":"oltp_rw_longrun_cache20G_sam863_network","syncdelay":"60"}
780	112	1141.59	15988.93	3424.98	176.14	7c95fec4-38dc-11e6-8ed2-e75fdd4ec687	{"cachesize":20,"userthreads":112,"engine":"wt","storage":"sam863","workload":"RW","compression":"snappy","server":"blade3","network":"client","runsign":"oltp_rw_longrun_cache20G_sam863_network","syncdelay":"60"}
790	112	1173.20	16421.43	3519.81	163.83	7c95fec4-38dc-11e6-8ed2-e75fdd4ec687	{"cachesize":20,"userthreads":112,"engine":"wt","storage":"sam863","workload":"RW","compression":"snappy","server":"blade3","network":"client","runsign":"oltp_rw_longrun_cache20G_sam863_network","syncdelay":"60"}
800	112	983.20	13769.80	2951.00	242.27	7c95fec4-38dc-11e6-8ed2-e75fdd4ec687	{"cachesize":20,"userthreads":112,"engine":"wt","storage":"sam863","workload":"RW","compression":"snappy","server":"blade3","network":"client","runsign":"oltp_rw_longrun_cache20G_sam863_network","syncdelay":"60"}
810	112	813.30	11378.23	2438.11	296.08	7c95fec4-38dc-11e6-8ed2-e75fdd4ec687	{"cachesize":20,"userthreads":112,"engine":"wt","storage":"sam863","workload":"RW","compression":"snappy","server":"blade3","network":"client","runsign":"oltp_rw_longrun_cache20G_sam863_network","syncdelay":"60"}
820	112	885.00	12398.05	2657.39	199.73	7c95fec4-38dc-11e6-8ed2-e75fdd4ec687	{"cachesize":20,"userthreads":112,"engine":"wt","storage":"sam863","workload":"RW","compression":"snappy","server":"blade3","network":"client","runsign":"oltp_rw_longrun_cache20G_sam863_network","syncdelay":"60"}
830	112	1147.90	16068.83	3442.31	151.02	7c95fec4-38dc-11e6-8ed2-e75fdd4ec687	{"cachesize":20,"userthreads":112,"engine":"wt","storage":"sam863","workload":"RW","compression":"snappy","server":"blade3","network":"client","runsign":"oltp_rw_longrun_cache20G_sam863_network","syncdelay":"60"}
840	112	1334.10	18680.19	4002.10	121.30	7c95fec4-38dc-11e6-8ed2-e75fdd4ec687	{"cachesize":20,"userthreads":112,"engine":"wt","storage":"sam863","workload":"RW","compression":"snappy","server":"blade3","network":"client","runsign":"oltp_rw_longrun_cache20G_sam863_network","syncdelay":"60"}
850	112	1335.30	18691.84	4005.71	127.29	7c95fec4-38dc-11e6-8ed2-e75fdd4ec687	{"cachesize":20,"userthreads":112,"engine":"wt","storage":"sam863","workload":"RW","compression":"snappy","server":"blade3","network":"client","runsign":"oltp_rw_longrun_cache20G_sam863_network","syncdelay":"60"}
860	112	1189.20	16647.51	3567.80	168.00	7c95fec4-38dc-11e6-8ed2-e75fdd4ec687	{"cachesize":20,"userthreads":112,"engine":"wt","storage":"sam863","workload":"RW","compression":"snappy","server":"blade3","network":"client","runsign":"oltp_rw_longrun_cache20G_sam863_network","syncdelay":"60"}
870	112	1126.00	15760.05	3377.79	192.92	7c95fec4-38dc-11e6-8ed2-e75fdd4ec687	{"cachesize":20,"userthreads":112,"engine":"wt","storage":"sam863","workload":"RW","compression":"snappy","server":"blade3","network":"client","runsign":"oltp_rw_longrun_cache20G_sam863_network","syncdelay":"60"}
880	112	1070.00	14993.89	3210.80	170.08	7c95fec4-38dc-11e6-8ed2-e75fdd4ec687	{"cachesize":20,"userthreads":112,"engine":"wt","storage":"sam863","workload":"RW","compression":"snappy","server":"blade3","network":"client","runsign":"oltp_rw_longrun_cache20G_sam863_network","syncdelay":"60"}
890	112	981.30	13734.22	2943.30	203.78	7c95fec4-38dc-11e6-8ed2-e75fdd4ec687	{"cachesize":20,"userthreads":112,"engine":"wt","storage":"sam863","workload":"RW","compression":"snappy","server":"blade3","network":"client","runsign":"oltp_rw_longrun_cache20G_sam863_network","syncdelay":"60"}
900	112	927.10	12976.70	2780.90	196.24	7c95fec4-38dc-11e6-8ed2-e75fdd4ec687	{"cachesize":20,"userthreads":112,"engine":"wt","storage":"sam863","workload":"RW","compression":"snappy","server":"blade3","network":"client","runsign":"oltp_rw_longrun_cache20G_sam863_network","syncdelay":"60"}
910	112	997.10	13954.43	2991.91	157.11	7c95fec4-38dc-11e6-8ed2-e75fdd4ec687	{"cachesize":20,"userthreads":112,"engine":"wt","storage":"sam863","workload":"RW","compression":"snappy","server":"blade3","network":"client","runsign":"oltp_rw_longrun_cache20G_sam863_network","syncdelay":"60"}
920	112	1297.30	18168.16	3892.89	127.37	7c95fec4-38dc-11e6-8ed2-e75fdd4ec687	{"cachesize":20,"userthreads":112,"engine":"wt","storage":"sam863","workload":"RW","compression":"snappy","server":"blade3","network":"client","runsign":"oltp_rw_longrun_cache20G_sam863_network","syncdelay":"60"}
930	112	1362.20	19066.54	4083.71	120.43	7c95fec4-38dc-11e6-8ed2-e75fdd4ec687	{"cachesize":20,"userthreads":112,"engine":"wt","storage":"sam863","workload":"RW","compression":"snappy","server":"blade3","network":"client","runsign":"oltp_rw_longrun_cache20G_sam863_network","syncdelay":"60"}
940	112	1281.60	17942.07	3846.49	140.38	7c95fec4-38dc-11e6-8ed2-e75fdd4ec687	{"cachesize":20,"userthreads":112,"engine":"wt","storage":"sam863","workload":"RW","compression":"snappy","server":"blade3","network":"client","runsign":"oltp_rw_longrun_cache20G_sam863_network","syncdelay":"60"}
950	112	1172.50	16415.27	3518.29	166.65	7c95fec4-38dc-11e6-8ed2-e75fdd4ec687	{"cachesize":20,"userthreads":112,"engine":"wt","storage":"sam863","workload":"RW","compression":"snappy","server":"blade3","network":"client","runsign":"oltp_rw_longrun_cache20G_sam863_network","syncdelay":"60"}
960	112	1161.50	16266.91	3484.30	165.60	7c95fec4-38dc-11e6-8ed2-e75fdd4ec687	{"cachesize":20,"userthreads":112,"engine":"wt","storage":"sam863","workload":"RW","compression":"snappy","server":"blade3","network":"client","runsign":"oltp_rw_longrun_cache20G_sam863_network","syncdelay":"60"}
970	112	1231.00	17232.45	3691.41	149.22	7c95fec4-38dc-11e6-8ed2-e75fdd4ec687	{"cachesize":20,"userthreads":112,"engine":"wt","storage":"sam863","workload":"RW","compression":"snappy","server":"blade3","network":"client","runsign":"oltp_rw_longrun_cache20G_sam863_network","syncdelay":"60"}
980	112	953.60	13346.40	2862.00	228.47	7c95fec4-38dc-11e6-8ed2-e75fdd4ec687	{"cachesize":20,"userthreads":112,"engine":"wt","storage":"sam863","workload":"RW","compression":"snappy","server":"blade3","network":"client","runsign":"oltp_rw_longrun_cache20G_sam863_network","syncdelay":"60"}
990	112	934.80	13096.19	2806.20	214.16	7c95fec4-38dc-11e6-8ed2-e75fdd4ec687	{"cachesize":20,"userthreads":112,"engine":"wt","storage":"sam863","workload":"RW","compression":"snappy","server":"blade3","network":"client","runsign":"oltp_rw_longrun_cache20G_sam863_network","syncdelay":"60"}
1000	112	984.40	13781.90	2952.80	170.99	7c95fec4-38dc-11e6-8ed2-e75fdd4ec687	{"cachesize":20,"userthreads":112,"engine":"wt","storage":"sam863","workload":"RW","compression":"snappy","server":"blade3","network":"client","runsign":"oltp_rw_longrun_cache20G_sam863_network","syncdelay":"60"}
1010	112	1151.00	16102.01	3451.00	150.75	7c95fec4-38dc-11e6-8ed2-e75fdd4ec687	{"cachesize":20,"userthreads":112,"engine":"wt","storage":"sam863","workload":"RW","compression":"snappy","server":"blade3","network":"client","runsign":"oltp_rw_longrun_cache20G_sam863_network","syncdelay":"60"}
1020	112	1351.09	18915.53	4053.68	119.68	7c95fec4-38dc-11e6-8ed2-e75fdd4ec687	{"cachesize":20,"userthreads":112,"engine":"wt","storage":"sam863","workload":"RW","compression":"snappy","server":"blade3","network":"client","runsign":"oltp_rw_longrun_cache20G_sam863_network","syncdelay":"60"}
1030	112	1323.01	18522.57	3969.62	126.76	7c95fec4-38dc-11e6-8ed2-e75fdd4ec687	{"cachesize":20,"userthreads":112,"engine":"wt","storage":"sam863","workload":"RW","compression":"snappy","server":"blade3","network":"client","runsign":"oltp_rw_longrun_cache20G_sam863_network","syncdelay":"60"}
1040	112	1220.00	17075.90	3659.00	153.30	7c95fec4-38dc-11e6-8ed2-e75fdd4ec687	{"cachesize":20,"userthreads":112,"engine":"wt","storage":"sam863","workload":"RW","compression":"snappy","server":"blade3","network":"client","runsign":"oltp_rw_longrun_cache20G_sam863_network","syncdelay":"60"}
1050	112	1238.30	17344.40	3715.30	140.38	7c95fec4-38dc-11e6-8ed2-e75fdd4ec687	{"cachesize":20,"userthreads":112,"engine":"wt","storage":"sam863","workload":"RW","compression":"snappy","server":"blade3","network":"client","runsign":"oltp_rw_longrun_cache20G_sam863_network","syncdelay":"60"}
1060	112	1200.00	16799.16	3600.39	164.96	7c95fec4-38dc-11e6-8ed2-e75fdd4ec687	{"cachesize":20,"userthreads":112,"engine":"wt","storage":"sam863","workload":"RW","compression":"snappy","server":"blade3","network":"client","runsign":"oltp_rw_longrun_cache20G_sam863_network","syncdelay":"60"}
1070	112	1082.80	15157.62	3248.20	191.48	7c95fec4-38dc-11e6-8ed2-e75fdd4ec687	{"cachesize":20,"userthreads":112,"engine":"wt","storage":"sam863","workload":"RW","compression":"snappy","server":"blade3","network":"client","runsign":"oltp_rw_longrun_cache20G_sam863_network","syncdelay":"60"}
1080	112	876.80	12270.35	2630.19	232.89	7c95fec4-38dc-11e6-8ed2-e75fdd4ec687	{"cachesize":20,"userthreads":112,"engine":"wt","storage":"sam863","workload":"RW","compression":"snappy","server":"blade3","network":"client","runsign":"oltp_rw_longrun_cache20G_sam863_network","syncdelay":"60"}
1090	112	944.20	13222.76	2832.61	189.60	7c95fec4-38dc-11e6-8ed2-e75fdd4ec687	{"cachesize":20,"userthreads":112,"engine":"wt","storage":"sam863","workload":"RW","compression":"snappy","server":"blade3","network":"client","runsign":"oltp_rw_longrun_cache20G_sam863_network","syncdelay":"60"}
1100	112	1004.30	14059.70	3014.10	162.22	7c95fec4-38dc-11e6-8ed2-e75fdd4ec687	{"cachesize":20,"userthreads":112,"engine":"wt","storage":"sam863","workload":"RW","compression":"snappy","server":"blade3","network":"client","runsign":"oltp_rw_longrun_cache20G_sam863_network","syncdelay":"60"}
1110	112	1326.60	18575.46	3977.39	124.39	7c95fec4-38dc-11e6-8ed2-e75fdd4ec687	{"cachesize":20,"userthreads":112,"engine":"wt","storage":"sam863","workload":"RW","compression":"snappy","server":"blade3","network":"client","runsign":"oltp_rw_longrun_cache20G_sam863_network","syncdelay":"60"}
1120	112	1325.80	18572.39	3979.90	125.36	7c95fec4-38dc-11e6-8ed2-e75fdd4ec687	{"cachesize":20,"userthreads":112,"engine":"wt","storage":"sam863","workload":"RW","compression":"snappy","server":"blade3","network":"client","runsign":"oltp_rw_longrun_cache20G_sam863_network","syncdelay":"60"}
1130	112	1266.60	17721.91	3798.10	147.45	7c95fec4-38dc-11e6-8ed2-e75fdd4ec687	{"cachesize":20,"userthreads":112,"engine":"wt","storage":"sam863","workload":"RW","compression":"snappy","server":"blade3","network":"client","runsign":"oltp_rw_longrun_cache20G_sam863_network","syncdelay":"60"}
1140	112	1234.50	17281.84	3704.31	145.56	7c95fec4-38dc-11e6-8ed2-e75fdd4ec687	{"cachesize":20,"userthreads":112,"engine":"wt","storage":"sam863","workload":"RW","compression":"snappy","server":"blade3","network":"client","runsign":"oltp_rw_longrun_cache20G_sam863_network","syncdelay":"60"}
1150	112	1141.50	15978.50	3423.70	187.79	7c95fec4-38dc-11e6-8ed2-e75fdd4ec687	{"cachesize":20,"userthreads":112,"engine":"wt","storage":"sam863","workload":"RW","compression":"snappy","server":"blade3","network":"client","runsign":"oltp_rw_longrun_cache20G_sam863_network","syncdelay":"60"}
1160	112	1144.50	16026.80	3435.30	165.21	7c95fec4-38dc-11e6-8ed2-e75fdd4ec687	{"cachesize":20,"userthreads":112,"engine":"wt","storage":"sam863","workload":"RW","compression":"snappy","server":"blade3","network":"client","runsign":"oltp_rw_longrun_cache20G_sam863_network","syncdelay":"60"}
1170	112	854.70	11973.27	2564.29	271.05	7c95fec4-38dc-11e6-8ed2-e75fdd4ec687	{"cachesize":20,"userthreads":112,"engine":"wt","storage":"sam863","workload":"RW","compression":"snappy","server":"blade3","network":"client","runsign":"oltp_rw_longrun_cache20G_sam863_network","syncdelay":"60"}
1180	112	929.50	13005.48	2788.10	206.36	7c95fec4-38dc-11e6-8ed2-e75fdd4ec687	{"cachesize":20,"userthreads":112,"engine":"wt","storage":"sam863","workload":"RW","compression":"snappy","server":"blade3","network":"client","runsign":"oltp_rw_longrun_cache20G_sam863_network","syncdelay":"60"}
1190	112	995.70	13929.32	2984.90	169.97	7c95fec4-38dc-11e6-8ed2-e75fdd4ec687	{"cachesize":20,"userthreads":112,"engine":"wt","storage":"sam863","workload":"RW","compression":"snappy","server":"blade3","network":"client","runsign":"oltp_rw_longrun_cache20G_sam863_network","syncdelay":"60"}
1200	112	1156.50	16200.34	3469.91	147.27	7c95fec4-38dc-11e6-8ed2-e75fdd4ec687	{"cachesize":20,"userthreads":112,"engine":"wt","storage":"sam863","workload":"RW","compression":"snappy","server":"blade3","network":"client","runsign":"oltp_rw_longrun_cache20G_sam863_network","syncdelay":"60"}
1210	112	1333.09	18666.72	4000.68	122.14	7c95fec4-38dc-11e6-8ed2-e75fdd4ec687	{"cachesize":20,"userthreads":112,"engine":"wt","storage":"sam863","workload":"RW","compression":"snappy","server":"blade3","network":"client","runsign":"oltp_rw_longrun_cache20G_sam863_network","syncdelay":"60"}
1220	112	1303.10	18237.52	3909.50	129.33	7c95fec4-38dc-11e6-8ed2-e75fdd4ec687	{"cachesize":20,"userthreads":112,"engine":"wt","storage":"sam863","workload":"RW","compression":"snappy","server":"blade3","network":"client","runsign":"oltp_rw_longrun_cache20G_sam863_network","syncdelay":"60"}
1230	112	1284.50	17981.65	3852.31	135.51	7c95fec4-38dc-11e6-8ed2-e75fdd4ec687	{"cachesize":20,"userthreads":112,"engine":"wt","storage":"sam863","workload":"RW","compression":"snappy","server":"blade3","network":"client","runsign":"oltp_rw_longrun_cache20G_sam863_network","syncdelay":"60"}
1240	112	1263.30	17693.76	3790.49	142.50	7c95fec4-38dc-11e6-8ed2-e75fdd4ec687	{"cachesize":20,"userthreads":112,"engine":"wt","storage":"sam863","workload":"RW","compression":"snappy","server":"blade3","network":"client","runsign":"oltp_rw_longrun_cache20G_sam863_network","syncdelay":"60"}
1250	112	1208.00	16908.18	3624.60	159.90	7c95fec4-38dc-11e6-8ed2-e75fdd4ec687	{"cachesize":20,"userthreads":112,"engine":"wt","storage":"sam863","workload":"RW","compression":"snappy","server":"blade3","network":"client","runsign":"oltp_rw_longrun_cache20G_sam863_network","syncdelay":"60"}
1260	112	1043.30	14604.79	3129.50	206.98	7c95fec4-38dc-11e6-8ed2-e75fdd4ec687	{"cachesize":20,"userthreads":112,"engine":"wt","storage":"sam863","workload":"RW","compression":"snappy","server":"blade3","network":"client","runsign":"oltp_rw_longrun_cache20G_sam863_network","syncdelay":"60"}
1270	112	833.60	11671.10	2501.20	278.96	7c95fec4-38dc-11e6-8ed2-e75fdd4ec687	{"cachesize":20,"userthreads":112,"engine":"wt","storage":"sam863","workload":"RW","compression":"snappy","server":"blade3","network":"client","runsign":"oltp_rw_longrun_cache20G_sam863_network","syncdelay":"60"}
1280	112	805.20	11273.60	2414.80	274.48	7c95fec4-38dc-11e6-8ed2-e75fdd4ec687	{"cachesize":20,"userthreads":112,"engine":"wt","storage":"sam863","workload":"RW","compression":"snappy","server":"blade3","network":"client","runsign":"oltp_rw_longrun_cache20G_sam863_network","syncdelay":"60"}
1290	112	1027.50	14384.30	3082.90	161.44	7c95fec4-38dc-11e6-8ed2-e75fdd4ec687	{"cachesize":20,"userthreads":112,"engine":"wt","storage":"sam863","workload":"RW","compression":"snappy","server":"blade3","network":"client","runsign":"oltp_rw_longrun_cache20G_sam863_network","syncdelay":"60"}
1300	112	1215.80	17030.47	3648.41	138.71	7c95fec4-38dc-11e6-8ed2-e75fdd4ec687	{"cachesize":20,"userthreads":112,"engine":"wt","storage":"sam863","workload":"RW","compression":"snappy","server":"blade3","network":"client","runsign":"oltp_rw_longrun_cache20G_sam863_network","syncdelay":"60"}
1310	112	1345.60	18837.36	4037.79	120.98	7c95fec4-38dc-11e6-8ed2-e75fdd4ec687	{"cachesize":20,"userthreads":112,"engine":"wt","storage":"sam863","workload":"RW","compression":"snappy","server":"blade3","network":"client","runsign":"oltp_rw_longrun_cache20G_sam863_network","syncdelay":"60"}
1320	112	1152.80	16133.44	3458.01	181.82	7c95fec4-38dc-11e6-8ed2-e75fdd4ec687	{"cachesize":20,"userthreads":112,"engine":"wt","storage":"sam863","workload":"RW","compression":"snappy","server":"blade3","network":"client","runsign":"oltp_rw_longrun_cache20G_sam863_network","syncdelay":"60"}
1330	112	1080.60	15121.86	3240.19	175.61	7c95fec4-38dc-11e6-8ed2-e75fdd4ec687	{"cachesize":20,"userthreads":112,"engine":"wt","storage":"sam863","workload":"RW","compression":"snappy","server":"blade3","network":"client","runsign":"oltp_rw_longrun_cache20G_sam863_network","syncdelay":"60"}
1340	112	1226.90	17181.39	3680.60	144.04	7c95fec4-38dc-11e6-8ed2-e75fdd4ec687	{"cachesize":20,"userthreads":112,"engine":"wt","storage":"sam863","workload":"RW","compression":"snappy","server":"blade3","network":"client","runsign":"oltp_rw_longrun_cache20G_sam863_network","syncdelay":"60"}
1350	112	1266.80	17748.08	3803.30	134.50	7c95fec4-38dc-11e6-8ed2-e75fdd4ec687	{"cachesize":20,"userthreads":112,"engine":"wt","storage":"sam863","workload":"RW","compression":"snappy","server":"blade3","network":"client","runsign":"oltp_rw_longrun_cache20G_sam863_network","syncdelay":"60"}
1360	112	1092.60	15288.07	3275.41	175.14	7c95fec4-38dc-11e6-8ed2-e75fdd4ec687	{"cachesize":20,"userthreads":112,"engine":"wt","storage":"sam863","workload":"RW","compression":"snappy","server":"blade3","network":"client","runsign":"oltp_rw_longrun_cache20G_sam863_network","syncdelay":"60"}
1370	112	869.40	12161.43	2606.79	233.10	7c95fec4-38dc-11e6-8ed2-e75fdd4ec687	{"cachesize":20,"userthreads":112,"engine":"wt","storage":"sam863","workload":"RW","compression":"snappy","server":"blade3","network":"client","runsign":"oltp_rw_longrun_cache20G_sam863_network","syncdelay":"60"}
1380	112	982.70	13767.14	2949.51	171.76	7c95fec4-38dc-11e6-8ed2-e75fdd4ec687	{"cachesize":20,"userthreads":112,"engine":"wt","storage":"sam863","workload":"RW","compression":"snappy","server":"blade3","network":"client","runsign":"oltp_rw_longrun_cache20G_sam863_network","syncdelay":"60"}
1390	112	1127.50	15780.60	3383.10	152.84	7c95fec4-38dc-11e6-8ed2-e75fdd4ec687	{"cachesize":20,"userthreads":112,"engine":"wt","storage":"sam863","workload":"RW","compression":"snappy","server":"blade3","network":"client","runsign":"oltp_rw_longrun_cache20G_sam863_network","syncdelay":"60"}
1400	112	1341.50	18782.21	4024.10	122.69	7c95fec4-38dc-11e6-8ed2-e75fdd4ec687	{"cachesize":20,"userthreads":112,"engine":"wt","storage":"sam863","workload":"RW","compression":"snappy","server":"blade3","network":"client","runsign":"oltp_rw_longrun_cache20G_sam863_network","syncdelay":"60"}
1410	112	1289.30	18056.40	3866.50	133.54	7c95fec4-38dc-11e6-8ed2-e75fdd4ec687	{"cachesize":20,"userthreads":112,"engine":"wt","storage":"sam863","workload":"RW","compression":"snappy","server":"blade3","network":"client","runsign":"oltp_rw_longrun_cache20G_sam863_network","syncdelay":"60"}
1420	112	1271.30	17786.19	3813.70	134.38	7c95fec4-38dc-11e6-8ed2-e75fdd4ec687	{"cachesize":20,"userthreads":112,"engine":"wt","storage":"sam863","workload":"RW","compression":"snappy","server":"blade3","network":"client","runsign":"oltp_rw_longrun_cache20G_sam863_network","syncdelay":"60"}
1430	112	1244.30	17420.68	3732.50	155.28	7c95fec4-38dc-11e6-8ed2-e75fdd4ec687	{"cachesize":20,"userthreads":112,"engine":"wt","storage":"sam863","workload":"RW","compression":"snappy","server":"blade3","network":"client","runsign":"oltp_rw_longrun_cache20G_sam863_network","syncdelay":"60"}
1440	112	1242.30	17395.47	3729.31	149.27	7c95fec4-38dc-11e6-8ed2-e75fdd4ec687	{"cachesize":20,"userthreads":112,"engine":"wt","storage":"sam863","workload":"RW","compression":"snappy","server":"blade3","network":"client","runsign":"oltp_rw_longrun_cache20G_sam863_network","syncdelay":"60"}
1450	112	1110.50	15549.10	3329.30	182.36	7c95fec4-38dc-11e6-8ed2-e75fdd4ec687	{"cachesize":20,"userthreads":112,"engine":"wt","storage":"sam863","workload":"RW","compression":"snappy","server":"blade3","network":"client","runsign":"oltp_rw_longrun_cache20G_sam863_network","syncdelay":"60"}
1460	112	893.90	12510.87	2681.49	241.40	7c95fec4-38dc-11e6-8ed2-e75fdd4ec687	{"cachesize":20,"userthreads":112,"engine":"wt","storage":"sam863","workload":"RW","compression":"snappy","server":"blade3","network":"client","runsign":"oltp_rw_longrun_cache20G_sam863_network","syncdelay":"60"}
1470	112	917.90	12853.40	2755.70	207.72	7c95fec4-38dc-11e6-8ed2-e75fdd4ec687	{"cachesize":20,"userthreads":112,"engine":"wt","storage":"sam863","workload":"RW","compression":"snappy","server":"blade3","network":"client","runsign":"oltp_rw_longrun_cache20G_sam863_network","syncdelay":"60"}
1480	112	1008.70	14116.40	3025.30	155.51	7c95fec4-38dc-11e6-8ed2-e75fdd4ec687	{"cachesize":20,"userthreads":112,"engine":"wt","storage":"sam863","workload":"RW","compression":"snappy","server":"blade3","network":"client","runsign":"oltp_rw_longrun_cache20G_sam863_network","syncdelay":"60"}
1490	112	1250.30	17511.94	3750.11	134.14	7c95fec4-38dc-11e6-8ed2-e75fdd4ec687	{"cachesize":20,"userthreads":112,"engine":"wt","storage":"sam863","workload":"RW","compression":"snappy","server":"blade3","network":"client","runsign":"oltp_rw_longrun_cache20G_sam863_network","syncdelay":"60"}
1500	112	1332.00	18646.50	3997.60	122.76	7c95fec4-38dc-11e6-8ed2-e75fdd4ec687	{"cachesize":20,"userthreads":112,"engine":"wt","storage":"sam863","workload":"RW","compression":"snappy","server":"blade3","network":"client","runsign":"oltp_rw_longrun_cache20G_sam863_network","syncdelay":"60"}
1510	112	1272.80	17815.20	3816.60	139.29	7c95fec4-38dc-11e6-8ed2-e75fdd4ec687	{"cachesize":20,"userthreads":112,"engine":"wt","storage":"sam863","workload":"RW","compression":"snappy","server":"blade3","network":"client","runsign":"oltp_rw_longrun_cache20G_sam863_network","syncdelay":"60"}
1520	112	1161.10	16261.60	3483.30	175.72	7c95fec4-38dc-11e6-8ed2-e75fdd4ec687	{"cachesize":20,"userthreads":112,"engine":"wt","storage":"sam863","workload":"RW","compression":"snappy","server":"blade3","network":"client","runsign":"oltp_rw_longrun_cache20G_sam863_network","syncdelay":"60"}
1530	112	1199.10	16782.20	3599.10	155.89	7c95fec4-38dc-11e6-8ed2-e75fdd4ec687	{"cachesize":20,"userthreads":112,"engine":"wt","storage":"sam863","workload":"RW","compression":"snappy","server":"blade3","network":"client","runsign":"oltp_rw_longrun_cache20G_sam863_network","syncdelay":"60"}
1540	112	1189.30	16654.20	3566.70	156.31	7c95fec4-38dc-11e6-8ed2-e75fdd4ec687	{"cachesize":20,"userthreads":112,"engine":"wt","storage":"sam863","workload":"RW","compression":"snappy","server":"blade3","network":"client","runsign":"oltp_rw_longrun_cache20G_sam863_network","syncdelay":"60"}
1550	112	1014.70	14199.87	3044.69	195.12	7c95fec4-38dc-11e6-8ed2-e75fdd4ec687	{"cachesize":20,"userthreads":112,"engine":"wt","storage":"sam863","workload":"RW","compression":"snappy","server":"blade3","network":"client","runsign":"oltp_rw_longrun_cache20G_sam863_network","syncdelay":"60"}
1560	112	905.70	12687.60	2717.10	227.10	7c95fec4-38dc-11e6-8ed2-e75fdd4ec687	{"cachesize":20,"userthreads":112,"engine":"wt","storage":"sam863","workload":"RW","compression":"snappy","server":"blade3","network":"client","runsign":"oltp_rw_longrun_cache20G_sam863_network","syncdelay":"60"}
1570	112	944.80	13232.53	2834.41	184.50	7c95fec4-38dc-11e6-8ed2-e75fdd4ec687	{"cachesize":20,"userthreads":112,"engine":"wt","storage":"sam863","workload":"RW","compression":"snappy","server":"blade3","network":"client","runsign":"oltp_rw_longrun_cache20G_sam863_network","syncdelay":"60"}
1580	112	1128.70	15783.91	3384.90	155.79	7c95fec4-38dc-11e6-8ed2-e75fdd4ec687	{"cachesize":20,"userthreads":112,"engine":"wt","storage":"sam863","workload":"RW","compression":"snappy","server":"blade3","network":"client","runsign":"oltp_rw_longrun_cache20G_sam863_network","syncdelay":"60"}
1590	112	1347.70	18876.40	4044.10	117.76	7c95fec4-38dc-11e6-8ed2-e75fdd4ec687	{"cachesize":20,"userthreads":112,"engine":"wt","storage":"sam863","workload":"RW","compression":"snappy","server":"blade3","network":"client","runsign":"oltp_rw_longrun_cache20G_sam863_network","syncdelay":"60"}
1600	112	1311.09	18357.13	3933.68	127.37	7c95fec4-38dc-11e6-8ed2-e75fdd4ec687	{"cachesize":20,"userthreads":112,"engine":"wt","storage":"sam863","workload":"RW","compression":"snappy","server":"blade3","network":"client","runsign":"oltp_rw_longrun_cache20G_sam863_network","syncdelay":"60"}
1610	112	1268.70	17770.33	3807.51	132.46	7c95fec4-38dc-11e6-8ed2-e75fdd4ec687	{"cachesize":20,"userthreads":112,"engine":"wt","storage":"sam863","workload":"RW","compression":"snappy","server":"blade3","network":"client","runsign":"oltp_rw_longrun_cache20G_sam863_network","syncdelay":"60"}
1620	112	1213.90	16988.50	3640.50	160.58	7c95fec4-38dc-11e6-8ed2-e75fdd4ec687	{"cachesize":20,"userthreads":112,"engine":"wt","storage":"sam863","workload":"RW","compression":"snappy","server":"blade3","network":"client","runsign":"oltp_rw_longrun_cache20G_sam863_network","syncdelay":"60"}
1630	112	1232.40	17252.79	3696.40	147.89	7c95fec4-38dc-11e6-8ed2-e75fdd4ec687	{"cachesize":20,"userthreads":112,"engine":"wt","storage":"sam863","workload":"RW","compression":"snappy","server":"blade3","network":"client","runsign":"oltp_rw_longrun_cache20G_sam863_network","syncdelay":"60"}
1640	112	1108.40	15518.48	3325.80	175.09	7c95fec4-38dc-11e6-8ed2-e75fdd4ec687	{"cachesize":20,"userthreads":112,"engine":"wt","storage":"sam863","workload":"RW","compression":"snappy","server":"blade3","network":"client","runsign":"oltp_rw_longrun_cache20G_sam863_network","syncdelay":"60"}
1650	112	878.70	12299.30	2634.10	242.64	7c95fec4-38dc-11e6-8ed2-e75fdd4ec687	{"cachesize":20,"userthreads":112,"engine":"wt","storage":"sam863","workload":"RW","compression":"snappy","server":"blade3","network":"client","runsign":"oltp_rw_longrun_cache20G_sam863_network","syncdelay":"60"}
1660	112	917.00	12839.35	2753.41	207.72	7c95fec4-38dc-11e6-8ed2-e75fdd4ec687	{"cachesize":20,"userthreads":112,"engine":"wt","storage":"sam863","workload":"RW","compression":"snappy","server":"blade3","network":"client","runsign":"oltp_rw_longrun_cache20G_sam863_network","syncdelay":"60"}
1670	112	996.40	13946.17	2989.19	159.19	7c95fec4-38dc-11e6-8ed2-e75fdd4ec687	{"cachesize":20,"userthreads":112,"engine":"wt","storage":"sam863","workload":"RW","compression":"snappy","server":"blade3","network":"client","runsign":"oltp_rw_longrun_cache20G_sam863_network","syncdelay":"60"}
1680	112	1264.80	17697.80	3792.60	131.75	7c95fec4-38dc-11e6-8ed2-e75fdd4ec687	{"cachesize":20,"userthreads":112,"engine":"wt","storage":"sam863","workload":"RW","compression":"snappy","server":"blade3","network":"client","runsign":"oltp_rw_longrun_cache20G_sam863_network","syncdelay":"60"}
1690	112	1312.50	18386.47	3939.29	126.53	7c95fec4-38dc-11e6-8ed2-e75fdd4ec687	{"cachesize":20,"userthreads":112,"engine":"wt","storage":"sam863","workload":"RW","compression":"snappy","server":"blade3","network":"client","runsign":"oltp_rw_longrun_cache20G_sam863_network","syncdelay":"60"}
1700	112	1331.71	18630.27	3992.52	121.70	7c95fec4-38dc-11e6-8ed2-e75fdd4ec687	{"cachesize":20,"userthreads":112,"engine":"wt","storage":"sam863","workload":"RW","compression":"snappy","server":"blade3","network":"client","runsign":"oltp_rw_longrun_cache20G_sam863_network","syncdelay":"60"}
1710	112	1261.80	17672.26	3787.39	135.55	7c95fec4-38dc-11e6-8ed2-e75fdd4ec687	{"cachesize":20,"userthreads":112,"engine":"wt","storage":"sam863","workload":"RW","compression":"snappy","server":"blade3","network":"client","runsign":"oltp_rw_longrun_cache20G_sam863_network","syncdelay":"60"}
1720	112	1224.00	17138.78	3671.19	150.16	7c95fec4-38dc-11e6-8ed2-e75fdd4ec687	{"cachesize":20,"userthreads":112,"engine":"wt","storage":"sam863","workload":"RW","compression":"snappy","server":"blade3","network":"client","runsign":"oltp_rw_longrun_cache20G_sam863_network","syncdelay":"60"}
1730	112	1194.60	16725.70	3585.40	159.19	7c95fec4-38dc-11e6-8ed2-e75fdd4ec687	{"cachesize":20,"userthreads":112,"engine":"wt","storage":"sam863","workload":"RW","compression":"snappy","server":"blade3","network":"client","runsign":"oltp_rw_longrun_cache20G_sam863_network","syncdelay":"60"}
1740	112	971.70	13613.12	2915.70	222.93	7c95fec4-38dc-11e6-8ed2-e75fdd4ec687	{"cachesize":20,"userthreads":112,"engine":"wt","storage":"sam863","workload":"RW","compression":"snappy","server":"blade3","network":"client","runsign":"oltp_rw_longrun_cache20G_sam863_network","syncdelay":"60"}
1750	112	892.20	12480.50	2674.50	246.29	7c95fec4-38dc-11e6-8ed2-e75fdd4ec687	{"cachesize":20,"userthreads":112,"engine":"wt","storage":"sam863","workload":"RW","compression":"snappy","server":"blade3","network":"client","runsign":"oltp_rw_longrun_cache20G_sam863_network","syncdelay":"60"}
1760	112	947.20	13265.50	2844.10	189.88	7c95fec4-38dc-11e6-8ed2-e75fdd4ec687	{"cachesize":20,"userthreads":112,"engine":"wt","storage":"sam863","workload":"RW","compression":"snappy","server":"blade3","network":"client","runsign":"oltp_rw_longrun_cache20G_sam863_network","syncdelay":"60"}
1770	112	1018.60	14263.30	3054.20	153.85	7c95fec4-38dc-11e6-8ed2-e75fdd4ec687	{"cachesize":20,"userthreads":112,"engine":"wt","storage":"sam863","workload":"RW","compression":"snappy","server":"blade3","network":"client","runsign":"oltp_rw_longrun_cache20G_sam863_network","syncdelay":"60"}
1780	112	1317.00	18437.38	3951.00	122.95	7c95fec4-38dc-11e6-8ed2-e75fdd4ec687	{"cachesize":20,"userthreads":112,"engine":"wt","storage":"sam863","workload":"RW","compression":"snappy","server":"blade3","network":"client","runsign":"oltp_rw_longrun_cache20G_sam863_network","syncdelay":"60"}
1790	112	1338.20	18732.06	4013.61	122.73	7c95fec4-38dc-11e6-8ed2-e75fdd4ec687	{"cachesize":20,"userthreads":112,"engine":"wt","storage":"sam863","workload":"RW","compression":"snappy","server":"blade3","network":"client","runsign":"oltp_rw_longrun_cache20G_sam863_network","syncdelay":"60"}
1800	112	1265.20	17704.25	3795.59	133.94	7c95fec4-38dc-11e6-8ed2-e75fdd4ec687	{"cachesize":20,"userthreads":112,"engine":"wt","storage":"sam863","workload":"RW","compression":"snappy","server":"blade3","network":"client","runsign":"oltp_rw_longrun_cache20G_sam863_network","syncdelay":"60"}
1810	112	1249.20	17494.20	3747.80	146.39	7c95fec4-38dc-11e6-8ed2-e75fdd4ec687	{"cachesize":20,"userthreads":112,"engine":"wt","storage":"sam863","workload":"RW","compression":"snappy","server":"blade3","network":"client","runsign":"oltp_rw_longrun_cache20G_sam863_network","syncdelay":"60"}
1820	112	1158.00	16208.19	3473.80	174.72	7c95fec4-38dc-11e6-8ed2-e75fdd4ec687	{"cachesize":20,"userthreads":112,"engine":"wt","storage":"sam863","workload":"RW","compression":"snappy","server":"blade3","network":"client","runsign":"oltp_rw_longrun_cache20G_sam863_network","syncdelay":"60"}
1830	112	1181.00	16529.76	3542.59	163.34	7c95fec4-38dc-11e6-8ed2-e75fdd4ec687	{"cachesize":20,"userthreads":112,"engine":"wt","storage":"sam863","workload":"RW","compression":"snappy","server":"blade3","network":"client","runsign":"oltp_rw_longrun_cache20G_sam863_network","syncdelay":"60"}
1840	112	957.50	13428.61	2875.30	228.67	7c95fec4-38dc-11e6-8ed2-e75fdd4ec687	{"cachesize":20,"userthreads":112,"engine":"wt","storage":"sam863","workload":"RW","compression":"snappy","server":"blade3","network":"client","runsign":"oltp_rw_longrun_cache20G_sam863_network","syncdelay":"60"}
1850	112	910.20	12734.04	2728.81	221.66	7c95fec4-38dc-11e6-8ed2-e75fdd4ec687	{"cachesize":20,"userthreads":112,"engine":"wt","storage":"sam863","workload":"RW","compression":"snappy","server":"blade3","network":"client","runsign":"oltp_rw_longrun_cache20G_sam863_network","syncdelay":"60"}
1860	112	990.30	13862.48	2972.50	172.38	7c95fec4-38dc-11e6-8ed2-e75fdd4ec687	{"cachesize":20,"userthreads":112,"engine":"wt","storage":"sam863","workload":"RW","compression":"snappy","server":"blade3","network":"client","runsign":"oltp_rw_longrun_cache20G_sam863_network","syncdelay":"60"}
1870	112	1086.90	15217.92	3260.10	150.61	7c95fec4-38dc-11e6-8ed2-e75fdd4ec687	{"cachesize":20,"userthreads":112,"engine":"wt","storage":"sam863","workload":"RW","compression":"snappy","server":"blade3","network":"client","runsign":"oltp_rw_longrun_cache20G_sam863_network","syncdelay":"60"}
1880	112	1330.70	18629.64	3991.11	121.23	7c95fec4-38dc-11e6-8ed2-e75fdd4ec687	{"cachesize":20,"userthreads":112,"engine":"wt","storage":"sam863","workload":"RW","compression":"snappy","server":"blade3","network":"client","runsign":"oltp_rw_longrun_cache20G_sam863_network","syncdelay":"60"}
1890	112	1342.20	18780.05	4027.19	121.63	7c95fec4-38dc-11e6-8ed2-e75fdd4ec687	{"cachesize":20,"userthreads":112,"engine":"wt","storage":"sam863","workload":"RW","compression":"snappy","server":"blade3","network":"client","runsign":"oltp_rw_longrun_cache20G_sam863_network","syncdelay":"60"}
1900	112	1284.40	17988.81	3852.80	127.48	7c95fec4-38dc-11e6-8ed2-e75fdd4ec687	{"cachesize":20,"userthreads":112,"engine":"wt","storage":"sam863","workload":"RW","compression":"snappy","server":"blade3","network":"client","runsign":"oltp_rw_longrun_cache20G_sam863_network","syncdelay":"60"}
1910	112	1223.20	17122.30	3668.60	156.12	7c95fec4-38dc-11e6-8ed2-e75fdd4ec687	{"cachesize":20,"userthreads":112,"engine":"wt","storage":"sam863","workload":"RW","compression":"snappy","server":"blade3","network":"client","runsign":"oltp_rw_longrun_cache20G_sam863_network","syncdelay":"60"}
1920	112	1239.00	17348.63	3717.79	140.26	7c95fec4-38dc-11e6-8ed2-e75fdd4ec687	{"cachesize":20,"userthreads":112,"engine":"wt","storage":"sam863","workload":"RW","compression":"snappy","server":"blade3","network":"client","runsign":"oltp_rw_longrun_cache20G_sam863_network","syncdelay":"60"}
1930	112	1104.10	15455.25	3313.11	180.24	7c95fec4-38dc-11e6-8ed2-e75fdd4ec687	{"cachesize":20,"userthreads":112,"engine":"wt","storage":"sam863","workload":"RW","compression":"snappy","server":"blade3","network":"client","runsign":"oltp_rw_longrun_cache20G_sam863_network","syncdelay":"60"}
1940	112	798.30	11179.29	2394.70	319.47	7c95fec4-38dc-11e6-8ed2-e75fdd4ec687	{"cachesize":20,"userthreads":112,"engine":"wt","storage":"sam863","workload":"RW","compression":"snappy","server":"blade3","network":"client","runsign":"oltp_rw_longrun_cache20G_sam863_network","syncdelay":"60"}
1950	112	853.60	11948.15	2559.81	242.20	7c95fec4-38dc-11e6-8ed2-e75fdd4ec687	{"cachesize":20,"userthreads":112,"engine":"wt","storage":"sam863","workload":"RW","compression":"snappy","server":"blade3","network":"client","runsign":"oltp_rw_longrun_cache20G_sam863_network","syncdelay":"60"}
1960	112	1003.30	14048.67	3010.89	154.45	7c95fec4-38dc-11e6-8ed2-e75fdd4ec687	{"cachesize":20,"userthreads":112,"engine":"wt","storage":"sam863","workload":"RW","compression":"snappy","server":"blade3","network":"client","runsign":"oltp_rw_longrun_cache20G_sam863_network","syncdelay":"60"}
1970	112	1238.50	17332.44	3714.91	146.04	7c95fec4-38dc-11e6-8ed2-e75fdd4ec687	{"cachesize":20,"userthreads":112,"engine":"wt","storage":"sam863","workload":"RW","compression":"snappy","server":"blade3","network":"client","runsign":"oltp_rw_longrun_cache20G_sam863_network","syncdelay":"60"}
1980	112	1324.40	18545.05	3972.19	118.97	7c95fec4-38dc-11e6-8ed2-e75fdd4ec687	{"cachesize":20,"userthreads":112,"engine":"wt","storage":"sam863","workload":"RW","compression":"snappy","server":"blade3","network":"client","runsign":"oltp_rw_longrun_cache20G_sam863_network","syncdelay":"60"}
1990	112	1240.00	17357.25	3720.79	150.39	7c95fec4-38dc-11e6-8ed2-e75fdd4ec687	{"cachesize":20,"userthreads":112,"engine":"wt","storage":"sam863","workload":"RW","compression":"snappy","server":"blade3","network":"client","runsign":"oltp_rw_longrun_cache20G_sam863_network","syncdelay":"60"}
2000	112	1188.51	16643.20	3565.92	160.82	7c95fec4-38dc-11e6-8ed2-e75fdd4ec687	{"cachesize":20,"userthreads":112,"engine":"wt","storage":"sam863","workload":"RW","compression":"snappy","server":"blade3","network":"client","runsign":"oltp_rw_longrun_cache20G_sam863_network","syncdelay":"60"}
2010	112	1218.99	17068.22	3657.38	149.18	7c95fec4-38dc-11e6-8ed2-e75fdd4ec687	{"cachesize":20,"userthreads":112,"engine":"wt","storage":"sam863","workload":"RW","compression":"snappy","server":"blade3","network":"client","runsign":"oltp_rw_longrun_cache20G_sam863_network","syncdelay":"60"}
2020	112	1151.31	16113.67	3453.32	161.59	7c95fec4-38dc-11e6-8ed2-e75fdd4ec687	{"cachesize":20,"userthreads":112,"engine":"wt","storage":"sam863","workload":"RW","compression":"snappy","server":"blade3","network":"client","runsign":"oltp_rw_longrun_cache20G_sam863_network","syncdelay":"60"}
2030	112	1064.30	14905.23	3194.09	192.63	7c95fec4-38dc-11e6-8ed2-e75fdd4ec687	{"cachesize":20,"userthreads":112,"engine":"wt","storage":"sam863","workload":"RW","compression":"snappy","server":"blade3","network":"client","runsign":"oltp_rw_longrun_cache20G_sam863_network","syncdelay":"60"}
2040	112	872.60	12209.91	2615.60	239.75	7c95fec4-38dc-11e6-8ed2-e75fdd4ec687	{"cachesize":20,"userthreads":112,"engine":"wt","storage":"sam863","workload":"RW","compression":"snappy","server":"blade3","network":"client","runsign":"oltp_rw_longrun_cache20G_sam863_network","syncdelay":"60"}
2050	112	977.60	13689.85	2934.01	179.49	7c95fec4-38dc-11e6-8ed2-e75fdd4ec687	{"cachesize":20,"userthreads":112,"engine":"wt","storage":"sam863","workload":"RW","compression":"snappy","server":"blade3","network":"client","runsign":"oltp_rw_longrun_cache20G_sam863_network","syncdelay":"60"}
2060	112	1040.40	14563.86	3121.79	155.42	7c95fec4-38dc-11e6-8ed2-e75fdd4ec687	{"cachesize":20,"userthreads":112,"engine":"wt","storage":"sam863","workload":"RW","compression":"snappy","server":"blade3","network":"client","runsign":"oltp_rw_longrun_cache20G_sam863_network","syncdelay":"60"}
2070	112	1317.90	18452.65	3954.11	122.84	7c95fec4-38dc-11e6-8ed2-e75fdd4ec687	{"cachesize":20,"userthreads":112,"engine":"wt","storage":"sam863","workload":"RW","compression":"snappy","server":"blade3","network":"client","runsign":"oltp_rw_longrun_cache20G_sam863_network","syncdelay":"60"}
2080	112	1330.20	18618.50	3989.20	119.39	7c95fec4-38dc-11e6-8ed2-e75fdd4ec687	{"cachesize":20,"userthreads":112,"engine":"wt","storage":"sam863","workload":"RW","compression":"snappy","server":"blade3","network":"client","runsign":"oltp_rw_longrun_cache20G_sam863_network","syncdelay":"60"}
2090	112	1250.70	17514.49	3754.50	141.27	7c95fec4-38dc-11e6-8ed2-e75fdd4ec687	{"cachesize":20,"userthreads":112,"engine":"wt","storage":"sam863","workload":"RW","compression":"snappy","server":"blade3","network":"client","runsign":"oltp_rw_longrun_cache20G_sam863_network","syncdelay":"60"}
2100	112	1241.60	17380.94	3722.39	144.86	7c95fec4-38dc-11e6-8ed2-e75fdd4ec687	{"cachesize":20,"userthreads":112,"engine":"wt","storage":"sam863","workload":"RW","compression":"snappy","server":"blade3","network":"client","runsign":"oltp_rw_longrun_cache20G_sam863_network","syncdelay":"60"}
2110	112	1206.00	16888.56	3618.41	152.24	7c95fec4-38dc-11e6-8ed2-e75fdd4ec687	{"cachesize":20,"userthreads":112,"engine":"wt","storage":"sam863","workload":"RW","compression":"snappy","server":"blade3","network":"client","runsign":"oltp_rw_longrun_cache20G_sam863_network","syncdelay":"60"}
2120	112	1166.40	16324.57	3500.19	158.43	7c95fec4-38dc-11e6-8ed2-e75fdd4ec687	{"cachesize":20,"userthreads":112,"engine":"wt","storage":"sam863","workload":"RW","compression":"snappy","server":"blade3","network":"client","runsign":"oltp_rw_longrun_cache20G_sam863_network","syncdelay":"60"}
2130	112	948.10	13265.99	2841.70	225.21	7c95fec4-38dc-11e6-8ed2-e75fdd4ec687	{"cachesize":20,"userthreads":112,"engine":"wt","storage":"sam863","workload":"RW","compression":"snappy","server":"blade3","network":"client","runsign":"oltp_rw_longrun_cache20G_sam863_network","syncdelay":"60"}
2140	112	882.00	12346.83	2646.81	234.28	7c95fec4-38dc-11e6-8ed2-e75fdd4ec687	{"cachesize":20,"userthreads":112,"engine":"wt","storage":"sam863","workload":"RW","compression":"snappy","server":"blade3","network":"client","runsign":"oltp_rw_longrun_cache20G_sam863_network","syncdelay":"60"}
2150	112	1006.00	14094.60	3018.80	163.88	7c95fec4-38dc-11e6-8ed2-e75fdd4ec687	{"cachesize":20,"userthreads":112,"engine":"wt","storage":"sam863","workload":"RW","compression":"snappy","server":"blade3","network":"client","runsign":"oltp_rw_longrun_cache20G_sam863_network","syncdelay":"60"}
2160	112	1081.90	15145.26	3245.89	156.96	7c95fec4-38dc-11e6-8ed2-e75fdd4ec687	{"cachesize":20,"userthreads":112,"engine":"wt","storage":"sam863","workload":"RW","compression":"snappy","server":"blade3","network":"client","runsign":"oltp_rw_longrun_cache20G_sam863_network","syncdelay":"60"}
2170	112	1326.60	18569.99	3979.00	123.17	7c95fec4-38dc-11e6-8ed2-e75fdd4ec687	{"cachesize":20,"userthreads":112,"engine":"wt","storage":"sam863","workload":"RW","compression":"snappy","server":"blade3","network":"client","runsign":"oltp_rw_longrun_cache20G_sam863_network","syncdelay":"60"}
2180	112	1299.10	18186.95	3897.31	125.74	7c95fec4-38dc-11e6-8ed2-e75fdd4ec687	{"cachesize":20,"userthreads":112,"engine":"wt","storage":"sam863","workload":"RW","compression":"snappy","server":"blade3","network":"client","runsign":"oltp_rw_longrun_cache20G_sam863_network","syncdelay":"60"}
2190	112	1258.60	17627.39	3776.40	144.22	7c95fec4-38dc-11e6-8ed2-e75fdd4ec687	{"cachesize":20,"userthreads":112,"engine":"wt","storage":"sam863","workload":"RW","compression":"snappy","server":"blade3","network":"client","runsign":"oltp_rw_longrun_cache20G_sam863_network","syncdelay":"60"}
2200	112	1161.70	16253.05	3483.89	168.86	7c95fec4-38dc-11e6-8ed2-e75fdd4ec687	{"cachesize":20,"userthreads":112,"engine":"wt","storage":"sam863","workload":"RW","compression":"snappy","server":"blade3","network":"client","runsign":"oltp_rw_longrun_cache20G_sam863_network","syncdelay":"60"}
2210	112	1024.50	14346.83	3074.11	182.80	7c95fec4-38dc-11e6-8ed2-e75fdd4ec687	{"cachesize":20,"userthreads":112,"engine":"wt","storage":"sam863","workload":"RW","compression":"snappy","server":"blade3","network":"client","runsign":"oltp_rw_longrun_cache20G_sam863_network","syncdelay":"60"}
2220	112	1102.40	15431.61	3306.20	162.51	7c95fec4-38dc-11e6-8ed2-e75fdd4ec687	{"cachesize":20,"userthreads":112,"engine":"wt","storage":"sam863","workload":"RW","compression":"snappy","server":"blade3","network":"client","runsign":"oltp_rw_longrun_cache20G_sam863_network","syncdelay":"60"}
2230	112	911.20	12759.50	2735.60	219.81	7c95fec4-38dc-11e6-8ed2-e75fdd4ec687	{"cachesize":20,"userthreads":112,"engine":"wt","storage":"sam863","workload":"RW","compression":"snappy","server":"blade3","network":"client","runsign":"oltp_rw_longrun_cache20G_sam863_network","syncdelay":"60"}
2240	112	1041.60	14588.14	3123.59	159.19	7c95fec4-38dc-11e6-8ed2-e75fdd4ec687	{"cachesize":20,"userthreads":112,"engine":"wt","storage":"sam863","workload":"RW","compression":"snappy","server":"blade3","network":"client","runsign":"oltp_rw_longrun_cache20G_sam863_network","syncdelay":"60"}
2250	112	1077.20	15074.32	3232.21	154.45	7c95fec4-38dc-11e6-8ed2-e75fdd4ec687	{"cachesize":20,"userthreads":112,"engine":"wt","storage":"sam863","workload":"RW","compression":"snappy","server":"blade3","network":"client","runsign":"oltp_rw_longrun_cache20G_sam863_network","syncdelay":"60"}
2260	112	1363.80	19094.65	4091.21	116.15	7c95fec4-38dc-11e6-8ed2-e75fdd4ec687	{"cachesize":20,"userthreads":112,"engine":"wt","storage":"sam863","workload":"RW","compression":"snappy","server":"blade3","network":"client","runsign":"oltp_rw_longrun_cache20G_sam863_network","syncdelay":"60"}
2270	112	1328.00	18599.50	3985.60	119.14	7c95fec4-38dc-11e6-8ed2-e75fdd4ec687	{"cachesize":20,"userthreads":112,"engine":"wt","storage":"sam863","workload":"RW","compression":"snappy","server":"blade3","network":"client","runsign":"oltp_rw_longrun_cache20G_sam863_network","syncdelay":"60"}
2280	112	1300.90	18206.39	3901.90	128.83	7c95fec4-38dc-11e6-8ed2-e75fdd4ec687	{"cachesize":20,"userthreads":112,"engine":"wt","storage":"sam863","workload":"RW","compression":"snappy","server":"blade3","network":"client","runsign":"oltp_rw_longrun_cache20G_sam863_network","syncdelay":"60"}
2290	112	1278.10	17890.36	3833.29	129.21	7c95fec4-38dc-11e6-8ed2-e75fdd4ec687	{"cachesize":20,"userthreads":112,"engine":"wt","storage":"sam863","workload":"RW","compression":"snappy","server":"blade3","network":"client","runsign":"oltp_rw_longrun_cache20G_sam863_network","syncdelay":"60"}
2300	112	1252.50	17535.40	3756.90	136.28	7c95fec4-38dc-11e6-8ed2-e75fdd4ec687	{"cachesize":20,"userthreads":112,"engine":"wt","storage":"sam863","workload":"RW","compression":"snappy","server":"blade3","network":"client","runsign":"oltp_rw_longrun_cache20G_sam863_network","syncdelay":"60"}
2310	112	1230.70	17228.05	3693.11	149.13	7c95fec4-38dc-11e6-8ed2-e75fdd4ec687	{"cachesize":20,"userthreads":112,"engine":"wt","storage":"sam863","workload":"RW","compression":"snappy","server":"blade3","network":"client","runsign":"oltp_rw_longrun_cache20G_sam863_network","syncdelay":"60"}
2320	112	844.30	11829.60	2533.70	266.15	7c95fec4-38dc-11e6-8ed2-e75fdd4ec687	{"cachesize":20,"userthreads":112,"engine":"wt","storage":"sam863","workload":"RW","compression":"snappy","server":"blade3","network":"client","runsign":"oltp_rw_longrun_cache20G_sam863_network","syncdelay":"60"}
2330	112	895.80	12531.27	2686.09	219.02	7c95fec4-38dc-11e6-8ed2-e75fdd4ec687	{"cachesize":20,"userthreads":112,"engine":"wt","storage":"sam863","workload":"RW","compression":"snappy","server":"blade3","network":"client","runsign":"oltp_rw_longrun_cache20G_sam863_network","syncdelay":"60"}
2340	112	1000.00	14003.68	3001.70	165.21	7c95fec4-38dc-11e6-8ed2-e75fdd4ec687	{"cachesize":20,"userthreads":112,"engine":"wt","storage":"sam863","workload":"RW","compression":"snappy","server":"blade3","network":"client","runsign":"oltp_rw_longrun_cache20G_sam863_network","syncdelay":"60"}
2350	112	1148.20	16067.92	3443.01	146.26	7c95fec4-38dc-11e6-8ed2-e75fdd4ec687	{"cachesize":20,"userthreads":112,"engine":"wt","storage":"sam863","workload":"RW","compression":"snappy","server":"blade3","network":"client","runsign":"oltp_rw_longrun_cache20G_sam863_network","syncdelay":"60"}
2360	112	1338.70	18753.20	4017.50	122.62	7c95fec4-38dc-11e6-8ed2-e75fdd4ec687	{"cachesize":20,"userthreads":112,"engine":"wt","storage":"sam863","workload":"RW","compression":"snappy","server":"blade3","network":"client","runsign":"oltp_rw_longrun_cache20G_sam863_network","syncdelay":"60"}
2370	112	1274.80	17846.74	3823.81	135.23	7c95fec4-38dc-11e6-8ed2-e75fdd4ec687	{"cachesize":20,"userthreads":112,"engine":"wt","storage":"sam863","workload":"RW","compression":"snappy","server":"blade3","network":"client","runsign":"oltp_rw_longrun_cache20G_sam863_network","syncdelay":"60"}
2380	112	1224.90	17150.39	3674.10	146.39	7c95fec4-38dc-11e6-8ed2-e75fdd4ec687	{"cachesize":20,"userthreads":112,"engine":"wt","storage":"sam863","workload":"RW","compression":"snappy","server":"blade3","network":"client","runsign":"oltp_rw_longrun_cache20G_sam863_network","syncdelay":"60"}
2390	112	1161.00	16244.06	3483.19	178.85	7c95fec4-38dc-11e6-8ed2-e75fdd4ec687	{"cachesize":20,"userthreads":112,"engine":"wt","storage":"sam863","workload":"RW","compression":"snappy","server":"blade3","network":"client","runsign":"oltp_rw_longrun_cache20G_sam863_network","syncdelay":"60"}
2400	112	1231.40	17246.60	3693.80	151.83	7c95fec4-38dc-11e6-8ed2-e75fdd4ec687	{"cachesize":20,"userthreads":112,"engine":"wt","storage":"sam863","workload":"RW","compression":"snappy","server":"blade3","network":"client","runsign":"oltp_rw_longrun_cache20G_sam863_network","syncdelay":"60"}
2410	112	1121.00	15687.80	3362.40	179.38	7c95fec4-38dc-11e6-8ed2-e75fdd4ec687	{"cachesize":20,"userthreads":112,"engine":"wt","storage":"sam863","workload":"RW","compression":"snappy","server":"blade3","network":"client","runsign":"oltp_rw_longrun_cache20G_sam863_network","syncdelay":"60"}
2420	112	883.20	12366.39	2649.80	237.89	7c95fec4-38dc-11e6-8ed2-e75fdd4ec687	{"cachesize":20,"userthreads":112,"engine":"wt","storage":"sam863","workload":"RW","compression":"snappy","server":"blade3","network":"client","runsign":"oltp_rw_longrun_cache20G_sam863_network","syncdelay":"60"}
2430	112	926.10	12970.09	2778.70	202.93	7c95fec4-38dc-11e6-8ed2-e75fdd4ec687	{"cachesize":20,"userthreads":112,"engine":"wt","storage":"sam863","workload":"RW","compression":"snappy","server":"blade3","network":"client","runsign":"oltp_rw_longrun_cache20G_sam863_network","syncdelay":"60"}
2440	112	1019.20	14264.82	3057.81	153.34	7c95fec4-38dc-11e6-8ed2-e75fdd4ec687	{"cachesize":20,"userthreads":112,"engine":"wt","storage":"sam863","workload":"RW","compression":"snappy","server":"blade3","network":"client","runsign":"oltp_rw_longrun_cache20G_sam863_network","syncdelay":"60"}
2450	112	1293.80	18114.14	3881.39	132.07	7c95fec4-38dc-11e6-8ed2-e75fdd4ec687	{"cachesize":20,"userthreads":112,"engine":"wt","storage":"sam863","workload":"RW","compression":"snappy","server":"blade3","network":"client","runsign":"oltp_rw_longrun_cache20G_sam863_network","syncdelay":"60"}
2460	112	1320.60	18492.96	3962.01	124.09	7c95fec4-38dc-11e6-8ed2-e75fdd4ec687	{"cachesize":20,"userthreads":112,"engine":"wt","storage":"sam863","workload":"RW","compression":"snappy","server":"blade3","network":"client","runsign":"oltp_rw_longrun_cache20G_sam863_network","syncdelay":"60"}
2470	112	1303.00	18235.34	3908.81	127.22	7c95fec4-38dc-11e6-8ed2-e75fdd4ec687	{"cachesize":20,"userthreads":112,"engine":"wt","storage":"sam863","workload":"RW","compression":"snappy","server":"blade3","network":"client","runsign":"oltp_rw_longrun_cache20G_sam863_network","syncdelay":"60"}
2480	112	1250.80	17509.05	3752.19	136.81	7c95fec4-38dc-11e6-8ed2-e75fdd4ec687	{"cachesize":20,"userthreads":112,"engine":"wt","storage":"sam863","workload":"RW","compression":"snappy","server":"blade3","network":"client","runsign":"oltp_rw_longrun_cache20G_sam863_network","syncdelay":"60"}
2490	112	1217.90	17053.61	3654.70	152.38	7c95fec4-38dc-11e6-8ed2-e75fdd4ec687	{"cachesize":20,"userthreads":112,"engine":"wt","storage":"sam863","workload":"RW","compression":"snappy","server":"blade3","network":"client","runsign":"oltp_rw_longrun_cache20G_sam863_network","syncdelay":"60"}
2500	112	1200.10	16799.67	3599.09	155.42	7c95fec4-38dc-11e6-8ed2-e75fdd4ec687	{"cachesize":20,"userthreads":112,"engine":"wt","storage":"sam863","workload":"RW","compression":"snappy","server":"blade3","network":"client","runsign":"oltp_rw_longrun_cache20G_sam863_network","syncdelay":"60"}
2510	112	918.20	12860.11	2755.80	241.98	7c95fec4-38dc-11e6-8ed2-e75fdd4ec687	{"cachesize":20,"userthreads":112,"engine":"wt","storage":"sam863","workload":"RW","compression":"snappy","server":"blade3","network":"client","runsign":"oltp_rw_longrun_cache20G_sam863_network","syncdelay":"60"}
2520	112	848.30	11874.22	2544.90	263.85	7c95fec4-38dc-11e6-8ed2-e75fdd4ec687	{"cachesize":20,"userthreads":112,"engine":"wt","storage":"sam863","workload":"RW","compression":"snappy","server":"blade3","network":"client","runsign":"oltp_rw_longrun_cache20G_sam863_network","syncdelay":"60"}
2530	112	1021.50	14307.47	3063.69	162.90	7c95fec4-38dc-11e6-8ed2-e75fdd4ec687	{"cachesize":20,"userthreads":112,"engine":"wt","storage":"sam863","workload":"RW","compression":"snappy","server":"blade3","network":"client","runsign":"oltp_rw_longrun_cache20G_sam863_network","syncdelay":"60"}
2540	112	1037.00	14507.95	3111.01	157.72	7c95fec4-38dc-11e6-8ed2-e75fdd4ec687	{"cachesize":20,"userthreads":112,"engine":"wt","storage":"sam863","workload":"RW","compression":"snappy","server":"blade3","network":"client","runsign":"oltp_rw_longrun_cache20G_sam863_network","syncdelay":"60"}
2550	112	1329.30	18617.23	3989.69	122.29	7c95fec4-38dc-11e6-8ed2-e75fdd4ec687	{"cachesize":20,"userthreads":112,"engine":"wt","storage":"sam863","workload":"RW","compression":"snappy","server":"blade3","network":"client","runsign":"oltp_rw_longrun_cache20G_sam863_network","syncdelay":"60"}
2560	112	1290.70	18061.63	3870.91	133.46	7c95fec4-38dc-11e6-8ed2-e75fdd4ec687	{"cachesize":20,"userthreads":112,"engine":"wt","storage":"sam863","workload":"RW","compression":"snappy","server":"blade3","network":"client","runsign":"oltp_rw_longrun_cache20G_sam863_network","syncdelay":"60"}
2570	112	1206.10	16891.90	3617.70	152.47	7c95fec4-38dc-11e6-8ed2-e75fdd4ec687	{"cachesize":20,"userthreads":112,"engine":"wt","storage":"sam863","workload":"RW","compression":"snappy","server":"blade3","network":"client","runsign":"oltp_rw_longrun_cache20G_sam863_network","syncdelay":"60"}
2580	112	1142.30	15997.16	3428.49	165.06	7c95fec4-38dc-11e6-8ed2-e75fdd4ec687	{"cachesize":20,"userthreads":112,"engine":"wt","storage":"sam863","workload":"RW","compression":"snappy","server":"blade3","network":"client","runsign":"oltp_rw_longrun_cache20G_sam863_network","syncdelay":"60"}
2590	112	1267.11	17727.99	3799.92	131.83	7c95fec4-38dc-11e6-8ed2-e75fdd4ec687	{"cachesize":20,"userthreads":112,"engine":"wt","storage":"sam863","workload":"RW","compression":"snappy","server":"blade3","network":"client","runsign":"oltp_rw_longrun_cache20G_sam863_network","syncdelay":"60"}
2600	112	1163.80	16301.96	3493.19	167.05	7c95fec4-38dc-11e6-8ed2-e75fdd4ec687	{"cachesize":20,"userthreads":112,"engine":"wt","storage":"sam863","workload":"RW","compression":"snappy","server":"blade3","network":"client","runsign":"oltp_rw_longrun_cache20G_sam863_network","syncdelay":"60"}
2610	112	794.90	11124.00	2383.10	290.89	7c95fec4-38dc-11e6-8ed2-e75fdd4ec687	{"cachesize":20,"userthreads":112,"engine":"wt","storage":"sam863","workload":"RW","compression":"snappy","server":"blade3","network":"client","runsign":"oltp_rw_longrun_cache20G_sam863_network","syncdelay":"60"}
2620	112	851.90	11923.80	2554.70	237.96	7c95fec4-38dc-11e6-8ed2-e75fdd4ec687	{"cachesize":20,"userthreads":112,"engine":"wt","storage":"sam863","workload":"RW","compression":"snappy","server":"blade3","network":"client","runsign":"oltp_rw_longrun_cache20G_sam863_network","syncdelay":"60"}
2630	112	971.30	13602.19	2914.10	166.20	7c95fec4-38dc-11e6-8ed2-e75fdd4ec687	{"cachesize":20,"userthreads":112,"engine":"wt","storage":"sam863","workload":"RW","compression":"snappy","server":"blade3","network":"client","runsign":"oltp_rw_longrun_cache20G_sam863_network","syncdelay":"60"}
2640	112	1252.00	17527.06	3756.41	142.76	7c95fec4-38dc-11e6-8ed2-e75fdd4ec687	{"cachesize":20,"userthreads":112,"engine":"wt","storage":"sam863","workload":"RW","compression":"snappy","server":"blade3","network":"client","runsign":"oltp_rw_longrun_cache20G_sam863_network","syncdelay":"60"}
2650	112	1246.80	17452.40	3740.60	145.08	7c95fec4-38dc-11e6-8ed2-e75fdd4ec687	{"cachesize":20,"userthreads":112,"engine":"wt","storage":"sam863","workload":"RW","compression":"snappy","server":"blade3","network":"client","runsign":"oltp_rw_longrun_cache20G_sam863_network","syncdelay":"60"}
2660	112	1163.00	16285.67	3487.79	157.34	7c95fec4-38dc-11e6-8ed2-e75fdd4ec687	{"cachesize":20,"userthreads":112,"engine":"wt","storage":"sam863","workload":"RW","compression":"snappy","server":"blade3","network":"client","runsign":"oltp_rw_longrun_cache20G_sam863_network","syncdelay":"60"}
2670	112	1180.50	16527.54	3542.71	156.03	7c95fec4-38dc-11e6-8ed2-e75fdd4ec687	{"cachesize":20,"userthreads":112,"engine":"wt","storage":"sam863","workload":"RW","compression":"snappy","server":"blade3","network":"client","runsign":"oltp_rw_longrun_cache20G_sam863_network","syncdelay":"60"}
2680	112	1295.90	18135.26	3886.89	126.80	7c95fec4-38dc-11e6-8ed2-e75fdd4ec687	{"cachesize":20,"userthreads":112,"engine":"wt","storage":"sam863","workload":"RW","compression":"snappy","server":"blade3","network":"client","runsign":"oltp_rw_longrun_cache20G_sam863_network","syncdelay":"60"}
2690	112	1251.60	17524.32	3755.80	141.01	7c95fec4-38dc-11e6-8ed2-e75fdd4ec687	{"cachesize":20,"userthreads":112,"engine":"wt","storage":"sam863","workload":"RW","compression":"snappy","server":"blade3","network":"client","runsign":"oltp_rw_longrun_cache20G_sam863_network","syncdelay":"60"}
2700	112	1061.80	14869.96	3185.79	188.52	7c95fec4-38dc-11e6-8ed2-e75fdd4ec687	{"cachesize":20,"userthreads":112,"engine":"wt","storage":"sam863","workload":"RW","compression":"snappy","server":"blade3","network":"client","runsign":"oltp_rw_longrun_cache20G_sam863_network","syncdelay":"60"}
