10	112	6188.76	86762.55	18573.88	27.48	e9d809ca-3763-11e6-a745-6774fcf56443	{"cachesize":200,"userthreads":112,"engine":"wt","storage":"sam850","workload":"RW","compression":"snappy","server":"blade3","network":"client","runsign":"oltp_rw_longwrite_sam850_network","syncdelay":"600"}
20	112	6308.98	88308.87	18923.55	26.55	e9d809ca-3763-11e6-a745-6774fcf56443	{"cachesize":200,"userthreads":112,"engine":"wt","storage":"sam850","workload":"RW","compression":"snappy","server":"blade3","network":"client","runsign":"oltp_rw_longwrite_sam850_network","syncdelay":"600"}
30	112	6357.42	88998.46	19070.66	26.34	e9d809ca-3763-11e6-a745-6774fcf56443	{"cachesize":200,"userthreads":112,"engine":"wt","storage":"sam850","workload":"RW","compression":"snappy","server":"blade3","network":"client","runsign":"oltp_rw_longwrite_sam850_network","syncdelay":"600"}
40	112	6382.18	89344.44	19146.14	26.15	e9d809ca-3763-11e6-a745-6774fcf56443	{"cachesize":200,"userthreads":112,"engine":"wt","storage":"sam850","workload":"RW","compression":"snappy","server":"blade3","network":"client","runsign":"oltp_rw_longwrite_sam850_network","syncdelay":"600"}
50	112	6398.72	89583.72	19196.55	26.13	e9d809ca-3763-11e6-a745-6774fcf56443	{"cachesize":200,"userthreads":112,"engine":"wt","storage":"sam850","workload":"RW","compression":"snappy","server":"blade3","network":"client","runsign":"oltp_rw_longwrite_sam850_network","syncdelay":"600"}
60	112	6416.18	89835.88	19249.95	26.19	e9d809ca-3763-11e6-a745-6774fcf56443	{"cachesize":200,"userthreads":112,"engine":"wt","storage":"sam850","workload":"RW","compression":"snappy","server":"blade3","network":"client","runsign":"oltp_rw_longwrite_sam850_network","syncdelay":"600"}
70	112	6418.31	89856.59	19253.52	25.96	e9d809ca-3763-11e6-a745-6774fcf56443	{"cachesize":200,"userthreads":112,"engine":"wt","storage":"sam850","workload":"RW","compression":"snappy","server":"blade3","network":"client","runsign":"oltp_rw_longwrite_sam850_network","syncdelay":"600"}
80	112	6414.42	89798.23	19244.07	26.01	e9d809ca-3763-11e6-a745-6774fcf56443	{"cachesize":200,"userthreads":112,"engine":"wt","storage":"sam850","workload":"RW","compression":"snappy","server":"blade3","network":"client","runsign":"oltp_rw_longwrite_sam850_network","syncdelay":"600"}
90	112	6426.46	89969.35	19278.78	25.82	e9d809ca-3763-11e6-a745-6774fcf56443	{"cachesize":200,"userthreads":112,"engine":"wt","storage":"sam850","workload":"RW","compression":"snappy","server":"blade3","network":"client","runsign":"oltp_rw_longwrite_sam850_network","syncdelay":"600"}
100	112	6440.90	90174.99	19322.70	25.88	e9d809ca-3763-11e6-a745-6774fcf56443	{"cachesize":200,"userthreads":112,"engine":"wt","storage":"sam850","workload":"RW","compression":"snappy","server":"blade3","network":"client","runsign":"oltp_rw_longwrite_sam850_network","syncdelay":"600"}
110	112	6416.00	89822.54	19248.21	25.99	e9d809ca-3763-11e6-a745-6774fcf56443	{"cachesize":200,"userthreads":112,"engine":"wt","storage":"sam850","workload":"RW","compression":"snappy","server":"blade3","network":"client","runsign":"oltp_rw_longwrite_sam850_network","syncdelay":"600"}
120	112	6417.54	89855.51	19254.41	26.04	e9d809ca-3763-11e6-a745-6774fcf56443	{"cachesize":200,"userthreads":112,"engine":"wt","storage":"sam850","workload":"RW","compression":"snappy","server":"blade3","network":"client","runsign":"oltp_rw_longwrite_sam850_network","syncdelay":"600"}
130	112	6441.68	90180.88	19323.63	26.01	e9d809ca-3763-11e6-a745-6774fcf56443	{"cachesize":200,"userthreads":112,"engine":"wt","storage":"sam850","workload":"RW","compression":"snappy","server":"blade3","network":"client","runsign":"oltp_rw_longwrite_sam850_network","syncdelay":"600"}
140	112	6436.79	90103.21	19310.58	26.07	e9d809ca-3763-11e6-a745-6774fcf56443	{"cachesize":200,"userthreads":112,"engine":"wt","storage":"sam850","workload":"RW","compression":"snappy","server":"blade3","network":"client","runsign":"oltp_rw_longwrite_sam850_network","syncdelay":"600"}
150	112	6423.51	89936.88	19270.12	26.14	e9d809ca-3763-11e6-a745-6774fcf56443	{"cachesize":200,"userthreads":112,"engine":"wt","storage":"sam850","workload":"RW","compression":"snappy","server":"blade3","network":"client","runsign":"oltp_rw_longwrite_sam850_network","syncdelay":"600"}
160	112	6440.00	90151.70	19319.40	26.04	e9d809ca-3763-11e6-a745-6774fcf56443	{"cachesize":200,"userthreads":112,"engine":"wt","storage":"sam850","workload":"RW","compression":"snappy","server":"blade3","network":"client","runsign":"oltp_rw_longwrite_sam850_network","syncdelay":"600"}
170	112	6446.00	90254.39	19338.20	25.99	e9d809ca-3763-11e6-a745-6774fcf56443	{"cachesize":200,"userthreads":112,"engine":"wt","storage":"sam850","workload":"RW","compression":"snappy","server":"blade3","network":"client","runsign":"oltp_rw_longwrite_sam850_network","syncdelay":"600"}
180	112	6431.59	90041.81	19294.78	26.06	e9d809ca-3763-11e6-a745-6774fcf56443	{"cachesize":200,"userthreads":112,"engine":"wt","storage":"sam850","workload":"RW","compression":"snappy","server":"blade3","network":"client","runsign":"oltp_rw_longwrite_sam850_network","syncdelay":"600"}
190	112	6415.61	89821.08	19249.62	26.01	e9d809ca-3763-11e6-a745-6774fcf56443	{"cachesize":200,"userthreads":112,"engine":"wt","storage":"sam850","workload":"RW","compression":"snappy","server":"blade3","network":"client","runsign":"oltp_rw_longwrite_sam850_network","syncdelay":"600"}
200	112	6423.20	89921.13	19266.99	25.97	e9d809ca-3763-11e6-a745-6774fcf56443	{"cachesize":200,"userthreads":112,"engine":"wt","storage":"sam850","workload":"RW","compression":"snappy","server":"blade3","network":"client","runsign":"oltp_rw_longwrite_sam850_network","syncdelay":"600"}
210	112	6417.30	89839.43	19253.09	25.96	e9d809ca-3763-11e6-a745-6774fcf56443	{"cachesize":200,"userthreads":112,"engine":"wt","storage":"sam850","workload":"RW","compression":"snappy","server":"blade3","network":"client","runsign":"oltp_rw_longwrite_sam850_network","syncdelay":"600"}
220	112	4855.81	67982.91	14566.42	41.25	e9d809ca-3763-11e6-a745-6774fcf56443	{"cachesize":200,"userthreads":112,"engine":"wt","storage":"sam850","workload":"RW","compression":"snappy","server":"blade3","network":"client","runsign":"oltp_rw_longwrite_sam850_network","syncdelay":"600"}
230	112	6151.40	86117.21	18454.00	27.91	e9d809ca-3763-11e6-a745-6774fcf56443	{"cachesize":200,"userthreads":112,"engine":"wt","storage":"sam850","workload":"RW","compression":"snappy","server":"blade3","network":"client","runsign":"oltp_rw_longwrite_sam850_network","syncdelay":"600"}
240	112	6399.60	89592.99	19200.40	26.08	e9d809ca-3763-11e6-a745-6774fcf56443	{"cachesize":200,"userthreads":112,"engine":"wt","storage":"sam850","workload":"RW","compression":"snappy","server":"blade3","network":"client","runsign":"oltp_rw_longwrite_sam850_network","syncdelay":"600"}
250	112	6413.40	89787.95	19238.01	26.20	e9d809ca-3763-11e6-a745-6774fcf56443	{"cachesize":200,"userthreads":112,"engine":"wt","storage":"sam850","workload":"RW","compression":"snappy","server":"blade3","network":"client","runsign":"oltp_rw_longwrite_sam850_network","syncdelay":"600"}
260	112	6428.88	90004.05	19285.83	26.18	e9d809ca-3763-11e6-a745-6774fcf56443	{"cachesize":200,"userthreads":112,"engine":"wt","storage":"sam850","workload":"RW","compression":"snappy","server":"blade3","network":"client","runsign":"oltp_rw_longwrite_sam850_network","syncdelay":"600"}
270	112	6415.92	89821.11	19247.97	26.21	e9d809ca-3763-11e6-a745-6774fcf56443	{"cachesize":200,"userthreads":112,"engine":"wt","storage":"sam850","workload":"RW","compression":"snappy","server":"blade3","network":"client","runsign":"oltp_rw_longwrite_sam850_network","syncdelay":"600"}
280	112	6417.89	89851.08	19254.07	26.20	e9d809ca-3763-11e6-a745-6774fcf56443	{"cachesize":200,"userthreads":112,"engine":"wt","storage":"sam850","workload":"RW","compression":"snappy","server":"blade3","network":"client","runsign":"oltp_rw_longwrite_sam850_network","syncdelay":"600"}
290	112	6418.61	89860.83	19256.03	26.21	e9d809ca-3763-11e6-a745-6774fcf56443	{"cachesize":200,"userthreads":112,"engine":"wt","storage":"sam850","workload":"RW","compression":"snappy","server":"blade3","network":"client","runsign":"oltp_rw_longwrite_sam850_network","syncdelay":"600"}
300	112	6410.49	89756.01	19232.78	26.17	e9d809ca-3763-11e6-a745-6774fcf56443	{"cachesize":200,"userthreads":112,"engine":"wt","storage":"sam850","workload":"RW","compression":"snappy","server":"blade3","network":"client","runsign":"oltp_rw_longwrite_sam850_network","syncdelay":"600"}
310	112	6402.59	89628.57	19206.27	26.03	e9d809ca-3763-11e6-a745-6774fcf56443	{"cachesize":200,"userthreads":112,"engine":"wt","storage":"sam850","workload":"RW","compression":"snappy","server":"blade3","network":"client","runsign":"oltp_rw_longwrite_sam850_network","syncdelay":"600"}
320	112	6082.30	85149.67	18247.71	30.30	e9d809ca-3763-11e6-a745-6774fcf56443	{"cachesize":200,"userthreads":112,"engine":"wt","storage":"sam850","workload":"RW","compression":"snappy","server":"blade3","network":"client","runsign":"oltp_rw_longwrite_sam850_network","syncdelay":"600"}
330	112	4654.92	65177.14	13965.95	39.64	e9d809ca-3763-11e6-a745-6774fcf56443	{"cachesize":200,"userthreads":112,"engine":"wt","storage":"sam850","workload":"RW","compression":"snappy","server":"blade3","network":"client","runsign":"oltp_rw_longwrite_sam850_network","syncdelay":"600"}
340	112	3478.49	48731.95	10447.57	49.05	e9d809ca-3763-11e6-a745-6774fcf56443	{"cachesize":200,"userthreads":112,"engine":"wt","storage":"sam850","workload":"RW","compression":"snappy","server":"blade3","network":"client","runsign":"oltp_rw_longwrite_sam850_network","syncdelay":"600"}
350	112	4235.99	59270.43	12694.26	44.33	e9d809ca-3763-11e6-a745-6774fcf56443	{"cachesize":200,"userthreads":112,"engine":"wt","storage":"sam850","workload":"RW","compression":"snappy","server":"blade3","network":"client","runsign":"oltp_rw_longwrite_sam850_network","syncdelay":"600"}
360	112	4088.91	57243.97	12268.14	48.20	e9d809ca-3763-11e6-a745-6774fcf56443	{"cachesize":200,"userthreads":112,"engine":"wt","storage":"sam850","workload":"RW","compression":"snappy","server":"blade3","network":"client","runsign":"oltp_rw_longwrite_sam850_network","syncdelay":"600"}
370	112	4040.11	56554.57	12118.94	48.84	e9d809ca-3763-11e6-a745-6774fcf56443	{"cachesize":200,"userthreads":112,"engine":"wt","storage":"sam850","workload":"RW","compression":"snappy","server":"blade3","network":"client","runsign":"oltp_rw_longwrite_sam850_network","syncdelay":"600"}
380	112	4258.59	59624.19	12775.68	45.87	e9d809ca-3763-11e6-a745-6774fcf56443	{"cachesize":200,"userthreads":112,"engine":"wt","storage":"sam850","workload":"RW","compression":"snappy","server":"blade3","network":"client","runsign":"oltp_rw_longwrite_sam850_network","syncdelay":"600"}
390	112	4165.61	58320.64	12496.73	46.27	e9d809ca-3763-11e6-a745-6774fcf56443	{"cachesize":200,"userthreads":112,"engine":"wt","storage":"sam850","workload":"RW","compression":"snappy","server":"blade3","network":"client","runsign":"oltp_rw_longwrite_sam850_network","syncdelay":"600"}
400	112	4333.09	60656.24	12998.67	44.61	e9d809ca-3763-11e6-a745-6774fcf56443	{"cachesize":200,"userthreads":112,"engine":"wt","storage":"sam850","workload":"RW","compression":"snappy","server":"blade3","network":"client","runsign":"oltp_rw_longwrite_sam850_network","syncdelay":"600"}
410	112	4291.00	60083.53	12873.81	45.12	e9d809ca-3763-11e6-a745-6774fcf56443	{"cachesize":200,"userthreads":112,"engine":"wt","storage":"sam850","workload":"RW","compression":"snappy","server":"blade3","network":"client","runsign":"oltp_rw_longwrite_sam850_network","syncdelay":"600"}
420	112	4297.19	60155.31	12891.18	44.73	e9d809ca-3763-11e6-a745-6774fcf56443	{"cachesize":200,"userthreads":112,"engine":"wt","storage":"sam850","workload":"RW","compression":"snappy","server":"blade3","network":"client","runsign":"oltp_rw_longwrite_sam850_network","syncdelay":"600"}
430	112	4359.50	61034.93	13079.51	43.72	e9d809ca-3763-11e6-a745-6774fcf56443	{"cachesize":200,"userthreads":112,"engine":"wt","storage":"sam850","workload":"RW","compression":"snappy","server":"blade3","network":"client","runsign":"oltp_rw_longwrite_sam850_network","syncdelay":"600"}
440	112	4318.60	60461.67	12956.39	43.87	e9d809ca-3763-11e6-a745-6774fcf56443	{"cachesize":200,"userthreads":112,"engine":"wt","storage":"sam850","workload":"RW","compression":"snappy","server":"blade3","network":"client","runsign":"oltp_rw_longwrite_sam850_network","syncdelay":"600"}
450	112	2872.90	40213.05	8617.31	190.56	e9d809ca-3763-11e6-a745-6774fcf56443	{"cachesize":200,"userthreads":112,"engine":"wt","storage":"sam850","workload":"RW","compression":"snappy","server":"blade3","network":"client","runsign":"oltp_rw_longwrite_sam850_network","syncdelay":"600"}
460	112	4207.79	58905.82	12623.18	46.21	e9d809ca-3763-11e6-a745-6774fcf56443	{"cachesize":200,"userthreads":112,"engine":"wt","storage":"sam850","workload":"RW","compression":"snappy","server":"blade3","network":"client","runsign":"oltp_rw_longwrite_sam850_network","syncdelay":"600"}
470	112	940.20	13224.25	2839.41	367.95	e9d809ca-3763-11e6-a745-6774fcf56443	{"cachesize":200,"userthreads":112,"engine":"wt","storage":"sam850","workload":"RW","compression":"snappy","server":"blade3","network":"client","runsign":"oltp_rw_longwrite_sam850_network","syncdelay":"600"}
480	112	865.60	12122.26	2598.19	403.48	e9d809ca-3763-11e6-a745-6774fcf56443	{"cachesize":200,"userthreads":112,"engine":"wt","storage":"sam850","workload":"RW","compression":"snappy","server":"blade3","network":"client","runsign":"oltp_rw_longwrite_sam850_network","syncdelay":"600"}
490	112	2568.69	35903.11	7686.08	54.16	e9d809ca-3763-11e6-a745-6774fcf56443	{"cachesize":200,"userthreads":112,"engine":"wt","storage":"sam850","workload":"RW","compression":"snappy","server":"blade3","network":"client","runsign":"oltp_rw_longwrite_sam850_network","syncdelay":"600"}
500	112	2539.51	35555.08	7617.92	50.30	e9d809ca-3763-11e6-a745-6774fcf56443	{"cachesize":200,"userthreads":112,"engine":"wt","storage":"sam850","workload":"RW","compression":"snappy","server":"blade3","network":"client","runsign":"oltp_rw_longwrite_sam850_network","syncdelay":"600"}
510	112	2609.11	36525.08	7827.52	48.46	e9d809ca-3763-11e6-a745-6774fcf56443	{"cachesize":200,"userthreads":112,"engine":"wt","storage":"sam850","workload":"RW","compression":"snappy","server":"blade3","network":"client","runsign":"oltp_rw_longwrite_sam850_network","syncdelay":"600"}
520	112	2768.10	38812.36	8324.69	50.09	e9d809ca-3763-11e6-a745-6774fcf56443	{"cachesize":200,"userthreads":112,"engine":"wt","storage":"sam850","workload":"RW","compression":"snappy","server":"blade3","network":"client","runsign":"oltp_rw_longwrite_sam850_network","syncdelay":"600"}
530	112	3659.40	51229.84	10977.61	49.36	e9d809ca-3763-11e6-a745-6774fcf56443	{"cachesize":200,"userthreads":112,"engine":"wt","storage":"sam850","workload":"RW","compression":"snappy","server":"blade3","network":"client","runsign":"oltp_rw_longwrite_sam850_network","syncdelay":"600"}
540	112	2824.09	39480.82	8453.08	50.10	e9d809ca-3763-11e6-a745-6774fcf56443	{"cachesize":200,"userthreads":112,"engine":"wt","storage":"sam850","workload":"RW","compression":"snappy","server":"blade3","network":"client","runsign":"oltp_rw_longwrite_sam850_network","syncdelay":"600"}
550	112	2549.91	35693.39	7649.92	47.96	e9d809ca-3763-11e6-a745-6774fcf56443	{"cachesize":200,"userthreads":112,"engine":"wt","storage":"sam850","workload":"RW","compression":"snappy","server":"blade3","network":"client","runsign":"oltp_rw_longwrite_sam850_network","syncdelay":"600"}
560	112	2341.90	32797.34	7027.49	52.67	e9d809ca-3763-11e6-a745-6774fcf56443	{"cachesize":200,"userthreads":112,"engine":"wt","storage":"sam850","workload":"RW","compression":"snappy","server":"blade3","network":"client","runsign":"oltp_rw_longwrite_sam850_network","syncdelay":"600"}
570	112	2639.10	36953.87	7916.51	74.69	e9d809ca-3763-11e6-a745-6774fcf56443	{"cachesize":200,"userthreads":112,"engine":"wt","storage":"sam850","workload":"RW","compression":"snappy","server":"blade3","network":"client","runsign":"oltp_rw_longwrite_sam850_network","syncdelay":"600"}
580	112	2613.40	36632.83	7858.39	51.96	e9d809ca-3763-11e6-a745-6774fcf56443	{"cachesize":200,"userthreads":112,"engine":"wt","storage":"sam850","workload":"RW","compression":"snappy","server":"blade3","network":"client","runsign":"oltp_rw_longwrite_sam850_network","syncdelay":"600"}
590	112	2337.21	32722.01	7012.02	54.04	e9d809ca-3763-11e6-a745-6774fcf56443	{"cachesize":200,"userthreads":112,"engine":"wt","storage":"sam850","workload":"RW","compression":"snappy","server":"blade3","network":"client","runsign":"oltp_rw_longwrite_sam850_network","syncdelay":"600"}
600	112	3173.39	44369.75	9501.57	52.89	e9d809ca-3763-11e6-a745-6774fcf56443	{"cachesize":200,"userthreads":112,"engine":"wt","storage":"sam850","workload":"RW","compression":"snappy","server":"blade3","network":"client","runsign":"oltp_rw_longwrite_sam850_network","syncdelay":"600"}
610	112	3189.71	44710.05	9586.53	54.50	e9d809ca-3763-11e6-a745-6774fcf56443	{"cachesize":200,"userthreads":112,"engine":"wt","storage":"sam850","workload":"RW","compression":"snappy","server":"blade3","network":"client","runsign":"oltp_rw_longwrite_sam850_network","syncdelay":"600"}
620	112	1067.40	14940.05	3200.99	387.97	e9d809ca-3763-11e6-a745-6774fcf56443	{"cachesize":200,"userthreads":112,"engine":"wt","storage":"sam850","workload":"RW","compression":"snappy","server":"blade3","network":"client","runsign":"oltp_rw_longwrite_sam850_network","syncdelay":"600"}
630	112	1769.60	24723.54	5291.59	320.42	e9d809ca-3763-11e6-a745-6774fcf56443	{"cachesize":200,"userthreads":112,"engine":"wt","storage":"sam850","workload":"RW","compression":"snappy","server":"blade3","network":"client","runsign":"oltp_rw_longwrite_sam850_network","syncdelay":"600"}
640	112	2158.21	30265.38	6491.42	328.68	e9d809ca-3763-11e6-a745-6774fcf56443	{"cachesize":200,"userthreads":112,"engine":"wt","storage":"sam850","workload":"RW","compression":"snappy","server":"blade3","network":"client","runsign":"oltp_rw_longwrite_sam850_network","syncdelay":"600"}
650	112	2056.50	28747.56	6152.31	293.78	e9d809ca-3763-11e6-a745-6774fcf56443	{"cachesize":200,"userthreads":112,"engine":"wt","storage":"sam850","workload":"RW","compression":"snappy","server":"blade3","network":"client","runsign":"oltp_rw_longwrite_sam850_network","syncdelay":"600"}
660	112	1080.20	15173.30	3260.20	788.68	e9d809ca-3763-11e6-a745-6774fcf56443	{"cachesize":200,"userthreads":112,"engine":"wt","storage":"sam850","workload":"RW","compression":"snappy","server":"blade3","network":"client","runsign":"oltp_rw_longwrite_sam850_network","syncdelay":"600"}
670	112	3954.10	55307.66	11842.69	50.98	e9d809ca-3763-11e6-a745-6774fcf56443	{"cachesize":200,"userthreads":112,"engine":"wt","storage":"sam850","workload":"RW","compression":"snappy","server":"blade3","network":"client","runsign":"oltp_rw_longwrite_sam850_network","syncdelay":"600"}
680	112	3555.00	49818.25	10684.19	49.92	e9d809ca-3763-11e6-a745-6774fcf56443	{"cachesize":200,"userthreads":112,"engine":"wt","storage":"sam850","workload":"RW","compression":"snappy","server":"blade3","network":"client","runsign":"oltp_rw_longwrite_sam850_network","syncdelay":"600"}
690	112	24.50	315.90	55.70	11113.49	e9d809ca-3763-11e6-a745-6774fcf56443	{"cachesize":200,"userthreads":112,"engine":"wt","storage":"sam850","workload":"RW","compression":"snappy","server":"blade3","network":"client","runsign":"oltp_rw_longwrite_sam850_network","syncdelay":"600"}
700	112	3226.29	45144.11	9678.08	63.03	e9d809ca-3763-11e6-a745-6774fcf56443	{"cachesize":200,"userthreads":112,"engine":"wt","storage":"sam850","workload":"RW","compression":"snappy","server":"blade3","network":"client","runsign":"oltp_rw_longwrite_sam850_network","syncdelay":"600"}
710	112	3732.71	52257.40	11197.32	52.76	e9d809ca-3763-11e6-a745-6774fcf56443	{"cachesize":200,"userthreads":112,"engine":"wt","storage":"sam850","workload":"RW","compression":"snappy","server":"blade3","network":"client","runsign":"oltp_rw_longwrite_sam850_network","syncdelay":"600"}
720	112	2812.89	39399.73	8443.88	66.70	e9d809ca-3763-11e6-a745-6774fcf56443	{"cachesize":200,"userthreads":112,"engine":"wt","storage":"sam850","workload":"RW","compression":"snappy","server":"blade3","network":"client","runsign":"oltp_rw_longwrite_sam850_network","syncdelay":"600"}
730	112	1176.70	16499.82	3541.30	397.25	e9d809ca-3763-11e6-a745-6774fcf56443	{"cachesize":200,"userthreads":112,"engine":"wt","storage":"sam850","workload":"RW","compression":"snappy","server":"blade3","network":"client","runsign":"oltp_rw_longwrite_sam850_network","syncdelay":"600"}
740	112	1160.10	16244.68	3482.90	378.90	e9d809ca-3763-11e6-a745-6774fcf56443	{"cachesize":200,"userthreads":112,"engine":"wt","storage":"sam850","workload":"RW","compression":"snappy","server":"blade3","network":"client","runsign":"oltp_rw_longwrite_sam850_network","syncdelay":"600"}
750	112	2535.00	35492.87	7605.21	293.78	e9d809ca-3763-11e6-a745-6774fcf56443	{"cachesize":200,"userthreads":112,"engine":"wt","storage":"sam850","workload":"RW","compression":"snappy","server":"blade3","network":"client","runsign":"oltp_rw_longwrite_sam850_network","syncdelay":"600"}
760	112	1081.20	15133.07	3243.19	458.50	e9d809ca-3763-11e6-a745-6774fcf56443	{"cachesize":200,"userthreads":112,"engine":"wt","storage":"sam850","workload":"RW","compression":"snappy","server":"blade3","network":"client","runsign":"oltp_rw_longwrite_sam850_network","syncdelay":"600"}
770	112	1945.70	27240.94	5837.29	62.92	e9d809ca-3763-11e6-a745-6774fcf56443	{"cachesize":200,"userthreads":112,"engine":"wt","storage":"sam850","workload":"RW","compression":"snappy","server":"blade3","network":"client","runsign":"oltp_rw_longwrite_sam850_network","syncdelay":"600"}
780	112	1365.40	19119.74	4097.21	58.70	e9d809ca-3763-11e6-a745-6774fcf56443	{"cachesize":200,"userthreads":112,"engine":"wt","storage":"sam850","workload":"RW","compression":"snappy","server":"blade3","network":"client","runsign":"oltp_rw_longwrite_sam850_network","syncdelay":"600"}
790	112	3548.41	49620.19	10626.22	51.05	e9d809ca-3763-11e6-a745-6774fcf56443	{"cachesize":200,"userthreads":112,"engine":"wt","storage":"sam850","workload":"RW","compression":"snappy","server":"blade3","network":"client","runsign":"oltp_rw_longwrite_sam850_network","syncdelay":"600"}
800	112	3909.79	54732.80	11727.58	51.61	e9d809ca-3763-11e6-a745-6774fcf56443	{"cachesize":200,"userthreads":112,"engine":"wt","storage":"sam850","workload":"RW","compression":"snappy","server":"blade3","network":"client","runsign":"oltp_rw_longwrite_sam850_network","syncdelay":"600"}
810	112	2842.79	39861.01	8548.98	164.03	e9d809ca-3763-11e6-a745-6774fcf56443	{"cachesize":200,"userthreads":112,"engine":"wt","storage":"sam850","workload":"RW","compression":"snappy","server":"blade3","network":"client","runsign":"oltp_rw_longwrite_sam850_network","syncdelay":"600"}
820	112	1170.30	16345.94	3496.91	407.98	e9d809ca-3763-11e6-a745-6774fcf56443	{"cachesize":200,"userthreads":112,"engine":"wt","storage":"sam850","workload":"RW","compression":"snappy","server":"blade3","network":"client","runsign":"oltp_rw_longwrite_sam850_network","syncdelay":"600"}
830	112	1120.50	15725.43	3375.51	417.87	e9d809ca-3763-11e6-a745-6774fcf56443	{"cachesize":200,"userthreads":112,"engine":"wt","storage":"sam850","workload":"RW","compression":"snappy","server":"blade3","network":"client","runsign":"oltp_rw_longwrite_sam850_network","syncdelay":"600"}
840	112	2370.39	33183.27	7110.97	390.53	e9d809ca-3763-11e6-a745-6774fcf56443	{"cachesize":200,"userthreads":112,"engine":"wt","storage":"sam850","workload":"RW","compression":"snappy","server":"blade3","network":"client","runsign":"oltp_rw_longwrite_sam850_network","syncdelay":"600"}
850	112	820.20	11473.70	2458.40	865.88	e9d809ca-3763-11e6-a745-6774fcf56443	{"cachesize":200,"userthreads":112,"engine":"wt","storage":"sam850","workload":"RW","compression":"snappy","server":"blade3","network":"client","runsign":"oltp_rw_longwrite_sam850_network","syncdelay":"600"}
860	112	1666.10	23334.62	5000.50	57.89	e9d809ca-3763-11e6-a745-6774fcf56443	{"cachesize":200,"userthreads":112,"engine":"wt","storage":"sam850","workload":"RW","compression":"snappy","server":"blade3","network":"client","runsign":"oltp_rw_longwrite_sam850_network","syncdelay":"600"}
870	112	1344.30	18768.16	4014.31	60.70	e9d809ca-3763-11e6-a745-6774fcf56443	{"cachesize":200,"userthreads":112,"engine":"wt","storage":"sam850","workload":"RW","compression":"snappy","server":"blade3","network":"client","runsign":"oltp_rw_longwrite_sam850_network","syncdelay":"600"}
880	112	3730.41	52224.11	11192.22	52.89	e9d809ca-3763-11e6-a745-6774fcf56443	{"cachesize":200,"userthreads":112,"engine":"wt","storage":"sam850","workload":"RW","compression":"snappy","server":"blade3","network":"client","runsign":"oltp_rw_longwrite_sam850_network","syncdelay":"600"}
890	112	3663.69	51291.48	10990.67	53.32	e9d809ca-3763-11e6-a745-6774fcf56443	{"cachesize":200,"userthreads":112,"engine":"wt","storage":"sam850","workload":"RW","compression":"snappy","server":"blade3","network":"client","runsign":"oltp_rw_longwrite_sam850_network","syncdelay":"600"}
900	112	2460.80	34501.43	7397.59	257.76	e9d809ca-3763-11e6-a745-6774fcf56443	{"cachesize":200,"userthreads":112,"engine":"wt","storage":"sam850","workload":"RW","compression":"snappy","server":"blade3","network":"client","runsign":"oltp_rw_longwrite_sam850_network","syncdelay":"600"}
910	112	1215.80	17027.16	3650.79	399.88	e9d809ca-3763-11e6-a745-6774fcf56443	{"cachesize":200,"userthreads":112,"engine":"wt","storage":"sam850","workload":"RW","compression":"snappy","server":"blade3","network":"client","runsign":"oltp_rw_longwrite_sam850_network","syncdelay":"600"}
920	112	1180.60	16473.56	3522.41	429.66	e9d809ca-3763-11e6-a745-6774fcf56443	{"cachesize":200,"userthreads":112,"engine":"wt","storage":"sam850","workload":"RW","compression":"snappy","server":"blade3","network":"client","runsign":"oltp_rw_longwrite_sam850_network","syncdelay":"600"}
930	112	2312.00	32422.60	6955.20	399.04	e9d809ca-3763-11e6-a745-6774fcf56443	{"cachesize":200,"userthreads":112,"engine":"wt","storage":"sam850","workload":"RW","compression":"snappy","server":"blade3","network":"client","runsign":"oltp_rw_longwrite_sam850_network","syncdelay":"600"}
940	112	746.40	10394.03	2219.01	944.69	e9d809ca-3763-11e6-a745-6774fcf56443	{"cachesize":200,"userthreads":112,"engine":"wt","storage":"sam850","workload":"RW","compression":"snappy","server":"blade3","network":"client","runsign":"oltp_rw_longwrite_sam850_network","syncdelay":"600"}
950	112	1346.80	18904.97	4059.19	57.70	e9d809ca-3763-11e6-a745-6774fcf56443	{"cachesize":200,"userthreads":112,"engine":"wt","storage":"sam850","workload":"RW","compression":"snappy","server":"blade3","network":"client","runsign":"oltp_rw_longwrite_sam850_network","syncdelay":"600"}
960	112	1606.40	22435.58	4801.20	57.69	e9d809ca-3763-11e6-a745-6774fcf56443	{"cachesize":200,"userthreads":112,"engine":"wt","storage":"sam850","workload":"RW","compression":"snappy","server":"blade3","network":"client","runsign":"oltp_rw_longwrite_sam850_network","syncdelay":"600"}
970	112	3605.80	50486.16	10817.21	54.68	e9d809ca-3763-11e6-a745-6774fcf56443	{"cachesize":200,"userthreads":112,"engine":"wt","storage":"sam850","workload":"RW","compression":"snappy","server":"blade3","network":"client","runsign":"oltp_rw_longwrite_sam850_network","syncdelay":"600"}
980	112	3868.29	54154.84	11605.07	51.62	e9d809ca-3763-11e6-a745-6774fcf56443	{"cachesize":200,"userthreads":112,"engine":"wt","storage":"sam850","workload":"RW","compression":"snappy","server":"blade3","network":"client","runsign":"oltp_rw_longwrite_sam850_network","syncdelay":"600"}
990	112	2023.70	28385.66	6090.09	295.10	e9d809ca-3763-11e6-a745-6774fcf56443	{"cachesize":200,"userthreads":112,"engine":"wt","storage":"sam850","workload":"RW","compression":"snappy","server":"blade3","network":"client","runsign":"oltp_rw_longwrite_sam850_network","syncdelay":"600"}
1000	112	1341.90	18777.55	4022.11	402.28	e9d809ca-3763-11e6-a745-6774fcf56443	{"cachesize":200,"userthreads":112,"engine":"wt","storage":"sam850","workload":"RW","compression":"snappy","server":"blade3","network":"client","runsign":"oltp_rw_longwrite_sam850_network","syncdelay":"600"}
1010	112	1852.30	25879.63	5540.91	402.88	e9d809ca-3763-11e6-a745-6774fcf56443	{"cachesize":200,"userthreads":112,"engine":"wt","storage":"sam850","workload":"RW","compression":"snappy","server":"blade3","network":"client","runsign":"oltp_rw_longwrite_sam850_network","syncdelay":"600"}
1020	112	1521.70	21364.74	4584.49	455.90	e9d809ca-3763-11e6-a745-6774fcf56443	{"cachesize":200,"userthreads":112,"engine":"wt","storage":"sam850","workload":"RW","compression":"snappy","server":"blade3","network":"client","runsign":"oltp_rw_longwrite_sam850_network","syncdelay":"600"}
1030	112	1429.71	19961.69	4269.12	803.45	e9d809ca-3763-11e6-a745-6774fcf56443	{"cachesize":200,"userthreads":112,"engine":"wt","storage":"sam850","workload":"RW","compression":"snappy","server":"blade3","network":"client","runsign":"oltp_rw_longwrite_sam850_network","syncdelay":"600"}
1040	112	701.50	9827.66	2104.89	1413.84	e9d809ca-3763-11e6-a745-6774fcf56443	{"cachesize":200,"userthreads":112,"engine":"wt","storage":"sam850","workload":"RW","compression":"snappy","server":"blade3","network":"client","runsign":"oltp_rw_longwrite_sam850_network","syncdelay":"600"}
1050	112	2950.49	41354.12	8871.08	54.16	e9d809ca-3763-11e6-a745-6774fcf56443	{"cachesize":200,"userthreads":112,"engine":"wt","storage":"sam850","workload":"RW","compression":"snappy","server":"blade3","network":"client","runsign":"oltp_rw_longwrite_sam850_network","syncdelay":"600"}
1060	112	2083.50	29118.26	6233.51	55.73	e9d809ca-3763-11e6-a745-6774fcf56443	{"cachesize":200,"userthreads":112,"engine":"wt","storage":"sam850","workload":"RW","compression":"snappy","server":"blade3","network":"client","runsign":"oltp_rw_longwrite_sam850_network","syncdelay":"600"}
1070	112	3786.91	53020.03	11359.33	52.67	e9d809ca-3763-11e6-a745-6774fcf56443	{"cachesize":200,"userthreads":112,"engine":"wt","storage":"sam850","workload":"RW","compression":"snappy","server":"blade3","network":"client","runsign":"oltp_rw_longwrite_sam850_network","syncdelay":"600"}
1080	112	2715.70	38069.10	8165.10	165.16	e9d809ca-3763-11e6-a745-6774fcf56443	{"cachesize":200,"userthreads":112,"engine":"wt","storage":"sam850","workload":"RW","compression":"snappy","server":"blade3","network":"client","runsign":"oltp_rw_longwrite_sam850_network","syncdelay":"600"}
1090	112	1508.10	21112.72	4524.70	382.20	e9d809ca-3763-11e6-a745-6774fcf56443	{"cachesize":200,"userthreads":112,"engine":"wt","storage":"sam850","workload":"RW","compression":"snappy","server":"blade3","network":"client","runsign":"oltp_rw_longwrite_sam850_network","syncdelay":"600"}
1100	112	2201.39	30805.23	6599.38	263.69	e9d809ca-3763-11e6-a745-6774fcf56443	{"cachesize":200,"userthreads":112,"engine":"wt","storage":"sam850","workload":"RW","compression":"snappy","server":"blade3","network":"client","runsign":"oltp_rw_longwrite_sam850_network","syncdelay":"600"}
1110	112	2714.20	38013.46	8147.21	231.36	e9d809ca-3763-11e6-a745-6774fcf56443	{"cachesize":200,"userthreads":112,"engine":"wt","storage":"sam850","workload":"RW","compression":"snappy","server":"blade3","network":"client","runsign":"oltp_rw_longwrite_sam850_network","syncdelay":"600"}
1120	112	1412.30	19767.45	4236.19	460.56	e9d809ca-3763-11e6-a745-6774fcf56443	{"cachesize":200,"userthreads":112,"engine":"wt","storage":"sam850","workload":"RW","compression":"snappy","server":"blade3","network":"client","runsign":"oltp_rw_longwrite_sam850_network","syncdelay":"600"}
1130	112	1837.70	25730.45	5513.81	59.21	e9d809ca-3763-11e6-a745-6774fcf56443	{"cachesize":200,"userthreads":112,"engine":"wt","storage":"sam850","workload":"RW","compression":"snappy","server":"blade3","network":"client","runsign":"oltp_rw_longwrite_sam850_network","syncdelay":"600"}
1140	112	1541.00	21518.06	4604.79	57.19	e9d809ca-3763-11e6-a745-6774fcf56443	{"cachesize":200,"userthreads":112,"engine":"wt","storage":"sam850","workload":"RW","compression":"snappy","server":"blade3","network":"client","runsign":"oltp_rw_longwrite_sam850_network","syncdelay":"600"}
1150	112	2516.31	35233.09	7548.92	54.79	e9d809ca-3763-11e6-a745-6774fcf56443	{"cachesize":200,"userthreads":112,"engine":"wt","storage":"sam850","workload":"RW","compression":"snappy","server":"blade3","network":"client","runsign":"oltp_rw_longwrite_sam850_network","syncdelay":"600"}
1160	112	3329.19	46617.23	9987.88	55.30	e9d809ca-3763-11e6-a745-6774fcf56443	{"cachesize":200,"userthreads":112,"engine":"wt","storage":"sam850","workload":"RW","compression":"snappy","server":"blade3","network":"client","runsign":"oltp_rw_longwrite_sam850_network","syncdelay":"600"}
1170	112	2636.61	36939.52	7920.83	86.96	e9d809ca-3763-11e6-a745-6774fcf56443	{"cachesize":200,"userthreads":112,"engine":"wt","storage":"sam850","workload":"RW","compression":"snappy","server":"blade3","network":"client","runsign":"oltp_rw_longwrite_sam850_network","syncdelay":"600"}
1180	112	1522.39	21324.70	4572.68	378.56	e9d809ca-3763-11e6-a745-6774fcf56443	{"cachesize":200,"userthreads":112,"engine":"wt","storage":"sam850","workload":"RW","compression":"snappy","server":"blade3","network":"client","runsign":"oltp_rw_longwrite_sam850_network","syncdelay":"600"}
1190	112	1403.60	19600.78	4194.39	396.18	e9d809ca-3763-11e6-a745-6774fcf56443	{"cachesize":200,"userthreads":112,"engine":"wt","storage":"sam850","workload":"RW","compression":"snappy","server":"blade3","network":"client","runsign":"oltp_rw_longwrite_sam850_network","syncdelay":"600"}
1200	112	2222.40	31165.75	6683.41	126.12	e9d809ca-3763-11e6-a745-6774fcf56443	{"cachesize":200,"userthreads":112,"engine":"wt","storage":"sam850","workload":"RW","compression":"snappy","server":"blade3","network":"client","runsign":"oltp_rw_longwrite_sam850_network","syncdelay":"600"}
1210	112	915.10	12816.63	2747.31	844.64	e9d809ca-3763-11e6-a745-6774fcf56443	{"cachesize":200,"userthreads":112,"engine":"wt","storage":"sam850","workload":"RW","compression":"snappy","server":"blade3","network":"client","runsign":"oltp_rw_longwrite_sam850_network","syncdelay":"600"}
1220	112	1833.10	25651.70	5496.30	57.64	e9d809ca-3763-11e6-a745-6774fcf56443	{"cachesize":200,"userthreads":112,"engine":"wt","storage":"sam850","workload":"RW","compression":"snappy","server":"blade3","network":"client","runsign":"oltp_rw_longwrite_sam850_network","syncdelay":"600"}
1230	112	2464.50	34459.07	7377.31	54.32	e9d809ca-3763-11e6-a745-6774fcf56443	{"cachesize":200,"userthreads":112,"engine":"wt","storage":"sam850","workload":"RW","compression":"snappy","server":"blade3","network":"client","runsign":"oltp_rw_longwrite_sam850_network","syncdelay":"600"}
1240	112	2166.59	30388.07	6519.17	56.09	e9d809ca-3763-11e6-a745-6774fcf56443	{"cachesize":200,"userthreads":112,"engine":"wt","storage":"sam850","workload":"RW","compression":"snappy","server":"blade3","network":"client","runsign":"oltp_rw_longwrite_sam850_network","syncdelay":"600"}
1250	112	1789.51	24993.00	5348.52	60.26	e9d809ca-3763-11e6-a745-6774fcf56443	{"cachesize":200,"userthreads":112,"engine":"wt","storage":"sam850","workload":"RW","compression":"snappy","server":"blade3","network":"client","runsign":"oltp_rw_longwrite_sam850_network","syncdelay":"600"}
1260	112	3758.59	52626.24	11277.37	53.16	e9d809ca-3763-11e6-a745-6774fcf56443	{"cachesize":200,"userthreads":112,"engine":"wt","storage":"sam850","workload":"RW","compression":"snappy","server":"blade3","network":"client","runsign":"oltp_rw_longwrite_sam850_network","syncdelay":"600"}
1270	112	2825.21	39597.22	8491.23	63.43	e9d809ca-3763-11e6-a745-6774fcf56443	{"cachesize":200,"userthreads":112,"engine":"wt","storage":"sam850","workload":"RW","compression":"snappy","server":"blade3","network":"client","runsign":"oltp_rw_longwrite_sam850_network","syncdelay":"600"}
1280	112	1488.19	20842.71	4466.98	383.12	e9d809ca-3763-11e6-a745-6774fcf56443	{"cachesize":200,"userthreads":112,"engine":"wt","storage":"sam850","workload":"RW","compression":"snappy","server":"blade3","network":"client","runsign":"oltp_rw_longwrite_sam850_network","syncdelay":"600"}
1290	112	1109.60	15523.87	3324.81	556.14	e9d809ca-3763-11e6-a745-6774fcf56443	{"cachesize":200,"userthreads":112,"engine":"wt","storage":"sam850","workload":"RW","compression":"snappy","server":"blade3","network":"client","runsign":"oltp_rw_longwrite_sam850_network","syncdelay":"600"}
1300	112	2313.49	32396.27	6943.47	277.71	e9d809ca-3763-11e6-a745-6774fcf56443	{"cachesize":200,"userthreads":112,"engine":"wt","storage":"sam850","workload":"RW","compression":"snappy","server":"blade3","network":"client","runsign":"oltp_rw_longwrite_sam850_network","syncdelay":"600"}
1310	112	948.80	13289.03	2848.21	564.19	e9d809ca-3763-11e6-a745-6774fcf56443	{"cachesize":200,"userthreads":112,"engine":"wt","storage":"sam850","workload":"RW","compression":"snappy","server":"blade3","network":"client","runsign":"oltp_rw_longwrite_sam850_network","syncdelay":"600"}
1320	112	1829.10	25607.34	5487.29	58.87	e9d809ca-3763-11e6-a745-6774fcf56443	{"cachesize":200,"userthreads":112,"engine":"wt","storage":"sam850","workload":"RW","compression":"snappy","server":"blade3","network":"client","runsign":"oltp_rw_longwrite_sam850_network","syncdelay":"600"}
1330	112	1494.50	20865.85	4464.49	63.54	e9d809ca-3763-11e6-a745-6774fcf56443	{"cachesize":200,"userthreads":112,"engine":"wt","storage":"sam850","workload":"RW","compression":"snappy","server":"blade3","network":"client","runsign":"oltp_rw_longwrite_sam850_network","syncdelay":"600"}
1340	112	3625.61	50759.12	10876.23	53.91	e9d809ca-3763-11e6-a745-6774fcf56443	{"cachesize":200,"userthreads":112,"engine":"wt","storage":"sam850","workload":"RW","compression":"snappy","server":"blade3","network":"client","runsign":"oltp_rw_longwrite_sam850_network","syncdelay":"600"}
1350	112	537.00	7494.22	1611.80	392.17	e9d809ca-3763-11e6-a745-6774fcf56443	{"cachesize":200,"userthreads":112,"engine":"wt","storage":"sam850","workload":"RW","compression":"snappy","server":"blade3","network":"client","runsign":"oltp_rw_longwrite_sam850_network","syncdelay":"600"}
1360	112	2087.70	29249.59	6263.30	259.70	e9d809ca-3763-11e6-a745-6774fcf56443	{"cachesize":200,"userthreads":112,"engine":"wt","storage":"sam850","workload":"RW","compression":"snappy","server":"blade3","network":"client","runsign":"oltp_rw_longwrite_sam850_network","syncdelay":"600"}
1370	112	2986.30	41809.52	8957.30	56.83	e9d809ca-3763-11e6-a745-6774fcf56443	{"cachesize":200,"userthreads":112,"engine":"wt","storage":"sam850","workload":"RW","compression":"snappy","server":"blade3","network":"client","runsign":"oltp_rw_longwrite_sam850_network","syncdelay":"600"}
1380	112	2954.80	41369.53	8865.59	57.45	e9d809ca-3763-11e6-a745-6774fcf56443	{"cachesize":200,"userthreads":112,"engine":"wt","storage":"sam850","workload":"RW","compression":"snappy","server":"blade3","network":"client","runsign":"oltp_rw_longwrite_sam850_network","syncdelay":"600"}
1390	112	2905.61	40676.63	8716.23	58.28	e9d809ca-3763-11e6-a745-6774fcf56443	{"cachesize":200,"userthreads":112,"engine":"wt","storage":"sam850","workload":"RW","compression":"snappy","server":"blade3","network":"client","runsign":"oltp_rw_longwrite_sam850_network","syncdelay":"600"}
1400	112	2861.78	40117.10	8603.13	61.34	e9d809ca-3763-11e6-a745-6774fcf56443	{"cachesize":200,"userthreads":112,"engine":"wt","storage":"sam850","workload":"RW","compression":"snappy","server":"blade3","network":"client","runsign":"oltp_rw_longwrite_sam850_network","syncdelay":"600"}
1410	112	1165.01	16306.58	3493.62	479.27	e9d809ca-3763-11e6-a745-6774fcf56443	{"cachesize":200,"userthreads":112,"engine":"wt","storage":"sam850","workload":"RW","compression":"snappy","server":"blade3","network":"client","runsign":"oltp_rw_longwrite_sam850_network","syncdelay":"600"}
1420	112	937.90	13130.59	2812.30	562.34	e9d809ca-3763-11e6-a745-6774fcf56443	{"cachesize":200,"userthreads":112,"engine":"wt","storage":"sam850","workload":"RW","compression":"snappy","server":"blade3","network":"client","runsign":"oltp_rw_longwrite_sam850_network","syncdelay":"600"}
1430	112	1910.40	26740.94	5730.61	429.02	e9d809ca-3763-11e6-a745-6774fcf56443	{"cachesize":200,"userthreads":112,"engine":"wt","storage":"sam850","workload":"RW","compression":"snappy","server":"blade3","network":"client","runsign":"oltp_rw_longwrite_sam850_network","syncdelay":"600"}
1440	112	3050.59	42671.20	9137.58	48.32	e9d809ca-3763-11e6-a745-6774fcf56443	{"cachesize":200,"userthreads":112,"engine":"wt","storage":"sam850","workload":"RW","compression":"snappy","server":"blade3","network":"client","runsign":"oltp_rw_longwrite_sam850_network","syncdelay":"600"}
1450	112	3494.41	48915.77	10482.82	46.84	e9d809ca-3763-11e6-a745-6774fcf56443	{"cachesize":200,"userthreads":112,"engine":"wt","storage":"sam850","workload":"RW","compression":"snappy","server":"blade3","network":"client","runsign":"oltp_rw_longwrite_sam850_network","syncdelay":"600"}
1460	112	3491.99	48942.51	10495.58	46.78	e9d809ca-3763-11e6-a745-6774fcf56443	{"cachesize":200,"userthreads":112,"engine":"wt","storage":"sam850","workload":"RW","compression":"snappy","server":"blade3","network":"client","runsign":"oltp_rw_longwrite_sam850_network","syncdelay":"600"}
1470	112	1348.40	18876.57	4044.99	495.61	e9d809ca-3763-11e6-a745-6774fcf56443	{"cachesize":200,"userthreads":112,"engine":"wt","storage":"sam850","workload":"RW","compression":"snappy","server":"blade3","network":"client","runsign":"oltp_rw_longwrite_sam850_network","syncdelay":"600"}
1480	112	1152.90	16140.43	3458.51	450.74	e9d809ca-3763-11e6-a745-6774fcf56443	{"cachesize":200,"userthreads":112,"engine":"wt","storage":"sam850","workload":"RW","compression":"snappy","server":"blade3","network":"client","runsign":"oltp_rw_longwrite_sam850_network","syncdelay":"600"}
1490	112	2628.81	36801.09	7885.82	52.34	e9d809ca-3763-11e6-a745-6774fcf56443	{"cachesize":200,"userthreads":112,"engine":"wt","storage":"sam850","workload":"RW","compression":"snappy","server":"blade3","network":"client","runsign":"oltp_rw_longwrite_sam850_network","syncdelay":"600"}
1500	112	1013.80	14197.19	3042.40	566.22	e9d809ca-3763-11e6-a745-6774fcf56443	{"cachesize":200,"userthreads":112,"engine":"wt","storage":"sam850","workload":"RW","compression":"snappy","server":"blade3","network":"client","runsign":"oltp_rw_longwrite_sam850_network","syncdelay":"600"}
1510	112	2951.40	41317.13	8853.41	59.00	e9d809ca-3763-11e6-a745-6774fcf56443	{"cachesize":200,"userthreads":112,"engine":"wt","storage":"sam850","workload":"RW","compression":"snappy","server":"blade3","network":"client","runsign":"oltp_rw_longwrite_sam850_network","syncdelay":"600"}
1520	112	2261.59	31612.33	6767.58	400.48	e9d809ca-3763-11e6-a745-6774fcf56443	{"cachesize":200,"userthreads":112,"engine":"wt","storage":"sam850","workload":"RW","compression":"snappy","server":"blade3","network":"client","runsign":"oltp_rw_longwrite_sam850_network","syncdelay":"600"}
1530	112	4145.91	58040.86	12436.93	38.87	e9d809ca-3763-11e6-a745-6774fcf56443	{"cachesize":200,"userthreads":112,"engine":"wt","storage":"sam850","workload":"RW","compression":"snappy","server":"blade3","network":"client","runsign":"oltp_rw_longwrite_sam850_network","syncdelay":"600"}
1540	112	5007.29	70101.52	15021.06	37.26	e9d809ca-3763-11e6-a745-6774fcf56443	{"cachesize":200,"userthreads":112,"engine":"wt","storage":"sam850","workload":"RW","compression":"snappy","server":"blade3","network":"client","runsign":"oltp_rw_longwrite_sam850_network","syncdelay":"600"}
1550	112	4640.31	64968.94	13923.73	40.46	e9d809ca-3763-11e6-a745-6774fcf56443	{"cachesize":200,"userthreads":112,"engine":"wt","storage":"sam850","workload":"RW","compression":"snappy","server":"blade3","network":"client","runsign":"oltp_rw_longwrite_sam850_network","syncdelay":"600"}
1560	112	1200.90	16801.58	3601.69	541.85	e9d809ca-3763-11e6-a745-6774fcf56443	{"cachesize":200,"userthreads":112,"engine":"wt","storage":"sam850","workload":"RW","compression":"snappy","server":"blade3","network":"client","runsign":"oltp_rw_longwrite_sam850_network","syncdelay":"600"}
1570	112	1067.20	14999.22	3218.81	484.89	e9d809ca-3763-11e6-a745-6774fcf56443	{"cachesize":200,"userthreads":112,"engine":"wt","storage":"sam850","workload":"RW","compression":"snappy","server":"blade3","network":"client","runsign":"oltp_rw_longwrite_sam850_network","syncdelay":"600"}
1580	112	2572.99	35966.52	7700.38	352.32	e9d809ca-3763-11e6-a745-6774fcf56443	{"cachesize":200,"userthreads":112,"engine":"wt","storage":"sam850","workload":"RW","compression":"snappy","server":"blade3","network":"client","runsign":"oltp_rw_longwrite_sam850_network","syncdelay":"600"}
1590	112	3174.91	44444.01	9524.12	52.91	e9d809ca-3763-11e6-a745-6774fcf56443	{"cachesize":200,"userthreads":112,"engine":"wt","storage":"sam850","workload":"RW","compression":"snappy","server":"blade3","network":"client","runsign":"oltp_rw_longwrite_sam850_network","syncdelay":"600"}
1600	112	4944.19	69230.63	14833.76	37.52	e9d809ca-3763-11e6-a745-6774fcf56443	{"cachesize":200,"userthreads":112,"engine":"wt","storage":"sam850","workload":"RW","compression":"snappy","server":"blade3","network":"client","runsign":"oltp_rw_longwrite_sam850_network","syncdelay":"600"}
1610	112	4967.09	69541.45	14911.87	37.03	e9d809ca-3763-11e6-a745-6774fcf56443	{"cachesize":200,"userthreads":112,"engine":"wt","storage":"sam850","workload":"RW","compression":"snappy","server":"blade3","network":"client","runsign":"oltp_rw_longwrite_sam850_network","syncdelay":"600"}
1620	112	1361.50	19108.26	4092.11	493.24	e9d809ca-3763-11e6-a745-6774fcf56443	{"cachesize":200,"userthreads":112,"engine":"wt","storage":"sam850","workload":"RW","compression":"snappy","server":"blade3","network":"client","runsign":"oltp_rw_longwrite_sam850_network","syncdelay":"600"}
1630	112	1180.80	16524.72	3539.20	601.52	e9d809ca-3763-11e6-a745-6774fcf56443	{"cachesize":200,"userthreads":112,"engine":"wt","storage":"sam850","workload":"RW","compression":"snappy","server":"blade3","network":"client","runsign":"oltp_rw_longwrite_sam850_network","syncdelay":"600"}
1640	112	3092.40	43296.47	9279.59	59.87	e9d809ca-3763-11e6-a745-6774fcf56443	{"cachesize":200,"userthreads":112,"engine":"wt","storage":"sam850","workload":"RW","compression":"snappy","server":"blade3","network":"client","runsign":"oltp_rw_longwrite_sam850_network","syncdelay":"600"}
1650	112	4870.10	68124.33	14592.11	37.94	e9d809ca-3763-11e6-a745-6774fcf56443	{"cachesize":200,"userthreads":112,"engine":"wt","storage":"sam850","workload":"RW","compression":"snappy","server":"blade3","network":"client","runsign":"oltp_rw_longwrite_sam850_network","syncdelay":"600"}
1660	112	4523.09	63376.38	13585.87	41.21	e9d809ca-3763-11e6-a745-6774fcf56443	{"cachesize":200,"userthreads":112,"engine":"wt","storage":"sam850","workload":"RW","compression":"snappy","server":"blade3","network":"client","runsign":"oltp_rw_longwrite_sam850_network","syncdelay":"600"}
1670	112	1134.50	15885.43	3404.31	557.81	e9d809ca-3763-11e6-a745-6774fcf56443	{"cachesize":200,"userthreads":112,"engine":"wt","storage":"sam850","workload":"RW","compression":"snappy","server":"blade3","network":"client","runsign":"oltp_rw_longwrite_sam850_network","syncdelay":"600"}
1680	112	1749.00	24490.44	5248.39	382.43	e9d809ca-3763-11e6-a745-6774fcf56443	{"cachesize":200,"userthreads":112,"engine":"wt","storage":"sam850","workload":"RW","compression":"snappy","server":"blade3","network":"client","runsign":"oltp_rw_longwrite_sam850_network","syncdelay":"600"}
1690	112	3015.21	42213.83	9045.63	56.47	e9d809ca-3763-11e6-a745-6774fcf56443	{"cachesize":200,"userthreads":112,"engine":"wt","storage":"sam850","workload":"RW","compression":"snappy","server":"blade3","network":"client","runsign":"oltp_rw_longwrite_sam850_network","syncdelay":"600"}
1700	112	1397.00	19557.95	4191.19	352.32	e9d809ca-3763-11e6-a745-6774fcf56443	{"cachesize":200,"userthreads":112,"engine":"wt","storage":"sam850","workload":"RW","compression":"snappy","server":"blade3","network":"client","runsign":"oltp_rw_longwrite_sam850_network","syncdelay":"600"}
1710	112	4349.32	60846.16	13030.15	41.22	e9d809ca-3763-11e6-a745-6774fcf56443	{"cachesize":200,"userthreads":112,"engine":"wt","storage":"sam850","workload":"RW","compression":"snappy","server":"blade3","network":"client","runsign":"oltp_rw_longwrite_sam850_network","syncdelay":"600"}
1720	112	3856.48	53977.65	11567.05	51.95	e9d809ca-3763-11e6-a745-6774fcf56443	{"cachesize":200,"userthreads":112,"engine":"wt","storage":"sam850","workload":"RW","compression":"snappy","server":"blade3","network":"client","runsign":"oltp_rw_longwrite_sam850_network","syncdelay":"600"}
1730	112	3795.51	53182.17	11400.74	47.19	e9d809ca-3763-11e6-a745-6774fcf56443	{"cachesize":200,"userthreads":112,"engine":"wt","storage":"sam850","workload":"RW","compression":"snappy","server":"blade3","network":"client","runsign":"oltp_rw_longwrite_sam850_network","syncdelay":"600"}
1740	112	1191.50	16692.76	3580.29	504.14	e9d809ca-3763-11e6-a745-6774fcf56443	{"cachesize":200,"userthreads":112,"engine":"wt","storage":"sam850","workload":"RW","compression":"snappy","server":"blade3","network":"client","runsign":"oltp_rw_longwrite_sam850_network","syncdelay":"600"}
1750	112	1246.20	17448.16	3738.79	549.85	e9d809ca-3763-11e6-a745-6774fcf56443	{"cachesize":200,"userthreads":112,"engine":"wt","storage":"sam850","workload":"RW","compression":"snappy","server":"blade3","network":"client","runsign":"oltp_rw_longwrite_sam850_network","syncdelay":"600"}
1760	112	2341.11	32744.00	7012.72	170.23	e9d809ca-3763-11e6-a745-6774fcf56443	{"cachesize":200,"userthreads":112,"engine":"wt","storage":"sam850","workload":"RW","compression":"snappy","server":"blade3","network":"client","runsign":"oltp_rw_longwrite_sam850_network","syncdelay":"600"}
1770	112	1962.41	27454.38	5879.92	233.86	e9d809ca-3763-11e6-a745-6774fcf56443	{"cachesize":200,"userthreads":112,"engine":"wt","storage":"sam850","workload":"RW","compression":"snappy","server":"blade3","network":"client","runsign":"oltp_rw_longwrite_sam850_network","syncdelay":"600"}
1780	112	4430.40	62017.61	13290.80	42.39	e9d809ca-3763-11e6-a745-6774fcf56443	{"cachesize":200,"userthreads":112,"engine":"wt","storage":"sam850","workload":"RW","compression":"snappy","server":"blade3","network":"client","runsign":"oltp_rw_longwrite_sam850_network","syncdelay":"600"}
1790	112	4147.80	58069.80	12443.10	46.89	e9d809ca-3763-11e6-a745-6774fcf56443	{"cachesize":200,"userthreads":112,"engine":"wt","storage":"sam850","workload":"RW","compression":"snappy","server":"blade3","network":"client","runsign":"oltp_rw_longwrite_sam850_network","syncdelay":"600"}
1800	112	3914.29	54806.53	11742.26	50.45	e9d809ca-3763-11e6-a745-6774fcf56443	{"cachesize":200,"userthreads":112,"engine":"wt","storage":"sam850","workload":"RW","compression":"snappy","server":"blade3","network":"client","runsign":"oltp_rw_longwrite_sam850_network","syncdelay":"600"}
