10	112	1551.48	21830.65	4660.85	105.64	74524ede-38dc-11e6-ad69-673ee6bd33ab	{"cachesize":20,"userthreads":112,"engine":"wt","storage":"sam863","workload":"RW","compression":"snappy","server":"blade3","network":"client","runsign":"oltp_rw_longrun_cache20G_sam863_network","syncdelay":"600"}
20	112	1511.30	21154.03	4534.11	106.84	74524ede-38dc-11e6-ad69-673ee6bd33ab	{"cachesize":20,"userthreads":112,"engine":"wt","storage":"sam863","workload":"RW","compression":"snappy","server":"blade3","network":"client","runsign":"oltp_rw_longrun_cache20G_sam863_network","syncdelay":"600"}
30	112	1414.20	19805.07	4243.99	118.75	74524ede-38dc-11e6-ad69-673ee6bd33ab	{"cachesize":20,"userthreads":112,"engine":"wt","storage":"sam863","workload":"RW","compression":"snappy","server":"blade3","network":"client","runsign":"oltp_rw_longrun_cache20G_sam863_network","syncdelay":"600"}
40	112	1315.51	18412.78	3945.32	134.98	74524ede-38dc-11e6-ad69-673ee6bd33ab	{"cachesize":20,"userthreads":112,"engine":"wt","storage":"sam863","workload":"RW","compression":"snappy","server":"blade3","network":"client","runsign":"oltp_rw_longrun_cache20G_sam863_network","syncdelay":"600"}
50	112	1175.60	16454.96	3524.99	157.91	74524ede-38dc-11e6-ad69-673ee6bd33ab	{"cachesize":20,"userthreads":112,"engine":"wt","storage":"sam863","workload":"RW","compression":"snappy","server":"blade3","network":"client","runsign":"oltp_rw_longrun_cache20G_sam863_network","syncdelay":"600"}
60	112	1057.90	14808.12	3175.30	173.21	74524ede-38dc-11e6-ad69-673ee6bd33ab	{"cachesize":20,"userthreads":112,"engine":"wt","storage":"sam863","workload":"RW","compression":"snappy","server":"blade3","network":"client","runsign":"oltp_rw_longrun_cache20G_sam863_network","syncdelay":"600"}
70	112	1054.30	14754.25	3161.09	168.91	74524ede-38dc-11e6-ad69-673ee6bd33ab	{"cachesize":20,"userthreads":112,"engine":"wt","storage":"sam863","workload":"RW","compression":"snappy","server":"blade3","network":"client","runsign":"oltp_rw_longrun_cache20G_sam863_network","syncdelay":"600"}
80	112	1122.50	15717.34	3367.51	154.49	74524ede-38dc-11e6-ad69-673ee6bd33ab	{"cachesize":20,"userthreads":112,"engine":"wt","storage":"sam863","workload":"RW","compression":"snappy","server":"blade3","network":"client","runsign":"oltp_rw_longrun_cache20G_sam863_network","syncdelay":"600"}
90	112	1114.10	15594.69	3343.10	150.12	74524ede-38dc-11e6-ad69-673ee6bd33ab	{"cachesize":20,"userthreads":112,"engine":"wt","storage":"sam863","workload":"RW","compression":"snappy","server":"blade3","network":"client","runsign":"oltp_rw_longrun_cache20G_sam863_network","syncdelay":"600"}
100	112	1155.30	16181.72	3466.50	147.53	74524ede-38dc-11e6-ad69-673ee6bd33ab	{"cachesize":20,"userthreads":112,"engine":"wt","storage":"sam863","workload":"RW","compression":"snappy","server":"blade3","network":"client","runsign":"oltp_rw_longrun_cache20G_sam863_network","syncdelay":"600"}
110	112	1105.80	15477.75	3316.19	159.24	74524ede-38dc-11e6-ad69-673ee6bd33ab	{"cachesize":20,"userthreads":112,"engine":"wt","storage":"sam863","workload":"RW","compression":"snappy","server":"blade3","network":"client","runsign":"oltp_rw_longrun_cache20G_sam863_network","syncdelay":"600"}
120	112	1155.30	16171.75	3466.31	149.27	74524ede-38dc-11e6-ad69-673ee6bd33ab	{"cachesize":20,"userthreads":112,"engine":"wt","storage":"sam863","workload":"RW","compression":"snappy","server":"blade3","network":"client","runsign":"oltp_rw_longrun_cache20G_sam863_network","syncdelay":"600"}
130	112	1134.20	15875.44	3402.59	147.09	74524ede-38dc-11e6-ad69-673ee6bd33ab	{"cachesize":20,"userthreads":112,"engine":"wt","storage":"sam863","workload":"RW","compression":"snappy","server":"blade3","network":"client","runsign":"oltp_rw_longrun_cache20G_sam863_network","syncdelay":"600"}
140	112	1177.30	16483.76	3530.51	145.82	74524ede-38dc-11e6-ad69-673ee6bd33ab	{"cachesize":20,"userthreads":112,"engine":"wt","storage":"sam863","workload":"RW","compression":"snappy","server":"blade3","network":"client","runsign":"oltp_rw_longrun_cache20G_sam863_network","syncdelay":"600"}
150	112	1127.30	15789.05	3383.09	154.12	74524ede-38dc-11e6-ad69-673ee6bd33ab	{"cachesize":20,"userthreads":112,"engine":"wt","storage":"sam863","workload":"RW","compression":"snappy","server":"blade3","network":"client","runsign":"oltp_rw_longrun_cache20G_sam863_network","syncdelay":"600"}
160	112	1161.70	16266.15	3485.11	149.00	74524ede-38dc-11e6-ad69-673ee6bd33ab	{"cachesize":20,"userthreads":112,"engine":"wt","storage":"sam863","workload":"RW","compression":"snappy","server":"blade3","network":"client","runsign":"oltp_rw_longrun_cache20G_sam863_network","syncdelay":"600"}
170	112	1162.00	16267.23	3485.79	149.40	74524ede-38dc-11e6-ad69-673ee6bd33ab	{"cachesize":20,"userthreads":112,"engine":"wt","storage":"sam863","workload":"RW","compression":"snappy","server":"blade3","network":"client","runsign":"oltp_rw_longrun_cache20G_sam863_network","syncdelay":"600"}
180	112	1161.50	16259.37	3485.91	151.38	74524ede-38dc-11e6-ad69-673ee6bd33ab	{"cachesize":20,"userthreads":112,"engine":"wt","storage":"sam863","workload":"RW","compression":"snappy","server":"blade3","network":"client","runsign":"oltp_rw_longrun_cache20G_sam863_network","syncdelay":"600"}
190	112	1187.50	16613.05	3559.89	149.49	74524ede-38dc-11e6-ad69-673ee6bd33ab	{"cachesize":20,"userthreads":112,"engine":"wt","storage":"sam863","workload":"RW","compression":"snappy","server":"blade3","network":"client","runsign":"oltp_rw_longrun_cache20G_sam863_network","syncdelay":"600"}
200	112	1166.40	16345.25	3500.61	153.80	74524ede-38dc-11e6-ad69-673ee6bd33ab	{"cachesize":20,"userthreads":112,"engine":"wt","storage":"sam863","workload":"RW","compression":"snappy","server":"blade3","network":"client","runsign":"oltp_rw_longrun_cache20G_sam863_network","syncdelay":"600"}
210	112	1156.70	16193.85	3469.69	156.92	74524ede-38dc-11e6-ad69-673ee6bd33ab	{"cachesize":20,"userthreads":112,"engine":"wt","storage":"sam863","workload":"RW","compression":"snappy","server":"blade3","network":"client","runsign":"oltp_rw_longrun_cache20G_sam863_network","syncdelay":"600"}
220	112	1181.30	16536.94	3544.51	150.84	74524ede-38dc-11e6-ad69-673ee6bd33ab	{"cachesize":20,"userthreads":112,"engine":"wt","storage":"sam863","workload":"RW","compression":"snappy","server":"blade3","network":"client","runsign":"oltp_rw_longrun_cache20G_sam863_network","syncdelay":"600"}
230	112	1200.40	16791.17	3598.99	148.95	74524ede-38dc-11e6-ad69-673ee6bd33ab	{"cachesize":20,"userthreads":112,"engine":"wt","storage":"sam863","workload":"RW","compression":"snappy","server":"blade3","network":"client","runsign":"oltp_rw_longrun_cache20G_sam863_network","syncdelay":"600"}
240	112	1160.00	16255.14	3483.41	154.82	74524ede-38dc-11e6-ad69-673ee6bd33ab	{"cachesize":20,"userthreads":112,"engine":"wt","storage":"sam863","workload":"RW","compression":"snappy","server":"blade3","network":"client","runsign":"oltp_rw_longrun_cache20G_sam863_network","syncdelay":"600"}
250	112	1180.40	16521.27	3539.59	151.25	74524ede-38dc-11e6-ad69-673ee6bd33ab	{"cachesize":20,"userthreads":112,"engine":"wt","storage":"sam863","workload":"RW","compression":"snappy","server":"blade3","network":"client","runsign":"oltp_rw_longrun_cache20G_sam863_network","syncdelay":"600"}
260	112	1158.30	16217.06	3474.71	157.15	74524ede-38dc-11e6-ad69-673ee6bd33ab	{"cachesize":20,"userthreads":112,"engine":"wt","storage":"sam863","workload":"RW","compression":"snappy","server":"blade3","network":"client","runsign":"oltp_rw_longrun_cache20G_sam863_network","syncdelay":"600"}
270	112	1153.00	16140.44	3459.19	158.10	74524ede-38dc-11e6-ad69-673ee6bd33ab	{"cachesize":20,"userthreads":112,"engine":"wt","storage":"sam863","workload":"RW","compression":"snappy","server":"blade3","network":"client","runsign":"oltp_rw_longrun_cache20G_sam863_network","syncdelay":"600"}
280	112	1172.80	16419.86	3519.01	152.43	74524ede-38dc-11e6-ad69-673ee6bd33ab	{"cachesize":20,"userthreads":112,"engine":"wt","storage":"sam863","workload":"RW","compression":"snappy","server":"blade3","network":"client","runsign":"oltp_rw_longrun_cache20G_sam863_network","syncdelay":"600"}
290	112	1171.90	16407.66	3515.89	148.51	74524ede-38dc-11e6-ad69-673ee6bd33ab	{"cachesize":20,"userthreads":112,"engine":"wt","storage":"sam863","workload":"RW","compression":"snappy","server":"blade3","network":"client","runsign":"oltp_rw_longrun_cache20G_sam863_network","syncdelay":"600"}
300	112	1166.00	16326.34	3496.61	153.80	74524ede-38dc-11e6-ad69-673ee6bd33ab	{"cachesize":20,"userthreads":112,"engine":"wt","storage":"sam863","workload":"RW","compression":"snappy","server":"blade3","network":"client","runsign":"oltp_rw_longrun_cache20G_sam863_network","syncdelay":"600"}
310	112	1171.30	16395.06	3516.29	154.68	74524ede-38dc-11e6-ad69-673ee6bd33ab	{"cachesize":20,"userthreads":112,"engine":"wt","storage":"sam863","workload":"RW","compression":"snappy","server":"blade3","network":"client","runsign":"oltp_rw_longrun_cache20G_sam863_network","syncdelay":"600"}
320	112	1163.30	16282.22	3487.90	151.61	74524ede-38dc-11e6-ad69-673ee6bd33ab	{"cachesize":20,"userthreads":112,"engine":"wt","storage":"sam863","workload":"RW","compression":"snappy","server":"blade3","network":"client","runsign":"oltp_rw_longrun_cache20G_sam863_network","syncdelay":"600"}
330	112	1182.40	16548.42	3546.60	155.10	74524ede-38dc-11e6-ad69-673ee6bd33ab	{"cachesize":20,"userthreads":112,"engine":"wt","storage":"sam863","workload":"RW","compression":"snappy","server":"blade3","network":"client","runsign":"oltp_rw_longrun_cache20G_sam863_network","syncdelay":"600"}
340	112	1135.50	15907.10	3407.30	156.45	74524ede-38dc-11e6-ad69-673ee6bd33ab	{"cachesize":20,"userthreads":112,"engine":"wt","storage":"sam863","workload":"RW","compression":"snappy","server":"blade3","network":"client","runsign":"oltp_rw_longrun_cache20G_sam863_network","syncdelay":"600"}
350	112	1190.40	16662.14	3571.39	150.88	74524ede-38dc-11e6-ad69-673ee6bd33ab	{"cachesize":20,"userthreads":112,"engine":"wt","storage":"sam863","workload":"RW","compression":"snappy","server":"blade3","network":"client","runsign":"oltp_rw_longrun_cache20G_sam863_network","syncdelay":"600"}
360	112	1177.50	16474.66	3532.31	153.71	74524ede-38dc-11e6-ad69-673ee6bd33ab	{"cachesize":20,"userthreads":112,"engine":"wt","storage":"sam863","workload":"RW","compression":"snappy","server":"blade3","network":"client","runsign":"oltp_rw_longrun_cache20G_sam863_network","syncdelay":"600"}
370	112	1159.30	16251.87	3478.49	155.00	74524ede-38dc-11e6-ad69-673ee6bd33ab	{"cachesize":20,"userthreads":112,"engine":"wt","storage":"sam863","workload":"RW","compression":"snappy","server":"blade3","network":"client","runsign":"oltp_rw_longrun_cache20G_sam863_network","syncdelay":"600"}
380	112	1208.20	16910.61	3624.20	146.13	74524ede-38dc-11e6-ad69-673ee6bd33ab	{"cachesize":20,"userthreads":112,"engine":"wt","storage":"sam863","workload":"RW","compression":"snappy","server":"blade3","network":"client","runsign":"oltp_rw_longrun_cache20G_sam863_network","syncdelay":"600"}
390	112	1203.80	16846.81	3611.20	151.88	74524ede-38dc-11e6-ad69-673ee6bd33ab	{"cachesize":20,"userthreads":112,"engine":"wt","storage":"sam863","workload":"RW","compression":"snappy","server":"blade3","network":"client","runsign":"oltp_rw_longrun_cache20G_sam863_network","syncdelay":"600"}
400	112	1164.90	16304.31	3494.90	155.42	74524ede-38dc-11e6-ad69-673ee6bd33ab	{"cachesize":20,"userthreads":112,"engine":"wt","storage":"sam863","workload":"RW","compression":"snappy","server":"blade3","network":"client","runsign":"oltp_rw_longrun_cache20G_sam863_network","syncdelay":"600"}
410	112	1150.30	16113.49	3450.70	162.71	74524ede-38dc-11e6-ad69-673ee6bd33ab	{"cachesize":20,"userthreads":112,"engine":"wt","storage":"sam863","workload":"RW","compression":"snappy","server":"blade3","network":"client","runsign":"oltp_rw_longrun_cache20G_sam863_network","syncdelay":"600"}
420	112	1115.00	15596.10	3343.80	161.78	74524ede-38dc-11e6-ad69-673ee6bd33ab	{"cachesize":20,"userthreads":112,"engine":"wt","storage":"sam863","workload":"RW","compression":"snappy","server":"blade3","network":"client","runsign":"oltp_rw_longrun_cache20G_sam863_network","syncdelay":"600"}
430	112	1159.70	16252.60	3481.50	156.78	74524ede-38dc-11e6-ad69-673ee6bd33ab	{"cachesize":20,"userthreads":112,"engine":"wt","storage":"sam863","workload":"RW","compression":"snappy","server":"blade3","network":"client","runsign":"oltp_rw_longrun_cache20G_sam863_network","syncdelay":"600"}
440	112	1203.20	16837.41	3608.20	147.40	74524ede-38dc-11e6-ad69-673ee6bd33ab	{"cachesize":20,"userthreads":112,"engine":"wt","storage":"sam863","workload":"RW","compression":"snappy","server":"blade3","network":"client","runsign":"oltp_rw_longrun_cache20G_sam863_network","syncdelay":"600"}
450	112	1211.10	16952.95	3633.09	144.30	74524ede-38dc-11e6-ad69-673ee6bd33ab	{"cachesize":20,"userthreads":112,"engine":"wt","storage":"sam863","workload":"RW","compression":"snappy","server":"blade3","network":"client","runsign":"oltp_rw_longrun_cache20G_sam863_network","syncdelay":"600"}
460	112	1192.40	16692.63	3577.41	150.70	74524ede-38dc-11e6-ad69-673ee6bd33ab	{"cachesize":20,"userthreads":112,"engine":"wt","storage":"sam863","workload":"RW","compression":"snappy","server":"blade3","network":"client","runsign":"oltp_rw_longrun_cache20G_sam863_network","syncdelay":"600"}
470	112	1193.00	16710.22	3579.40	147.27	74524ede-38dc-11e6-ad69-673ee6bd33ab	{"cachesize":20,"userthreads":112,"engine":"wt","storage":"sam863","workload":"RW","compression":"snappy","server":"blade3","network":"client","runsign":"oltp_rw_longrun_cache20G_sam863_network","syncdelay":"600"}
480	112	1187.50	16624.38	3563.10	157.48	74524ede-38dc-11e6-ad69-673ee6bd33ab	{"cachesize":20,"userthreads":112,"engine":"wt","storage":"sam863","workload":"RW","compression":"snappy","server":"blade3","network":"client","runsign":"oltp_rw_longrun_cache20G_sam863_network","syncdelay":"600"}
490	112	1184.20	16568.40	3549.80	151.79	74524ede-38dc-11e6-ad69-673ee6bd33ab	{"cachesize":20,"userthreads":112,"engine":"wt","storage":"sam863","workload":"RW","compression":"snappy","server":"blade3","network":"client","runsign":"oltp_rw_longrun_cache20G_sam863_network","syncdelay":"600"}
500	112	1178.60	16506.82	3538.40	153.62	74524ede-38dc-11e6-ad69-673ee6bd33ab	{"cachesize":20,"userthreads":112,"engine":"wt","storage":"sam863","workload":"RW","compression":"snappy","server":"blade3","network":"client","runsign":"oltp_rw_longrun_cache20G_sam863_network","syncdelay":"600"}
510	112	1126.30	15765.16	3378.49	159.67	74524ede-38dc-11e6-ad69-673ee6bd33ab	{"cachesize":20,"userthreads":112,"engine":"wt","storage":"sam863","workload":"RW","compression":"snappy","server":"blade3","network":"client","runsign":"oltp_rw_longrun_cache20G_sam863_network","syncdelay":"600"}
520	112	1151.20	16119.12	3453.20	155.98	74524ede-38dc-11e6-ad69-673ee6bd33ab	{"cachesize":20,"userthreads":112,"engine":"wt","storage":"sam863","workload":"RW","compression":"snappy","server":"blade3","network":"client","runsign":"oltp_rw_longrun_cache20G_sam863_network","syncdelay":"600"}
530	112	1150.50	16107.51	3452.30	160.67	74524ede-38dc-11e6-ad69-673ee6bd33ab	{"cachesize":20,"userthreads":112,"engine":"wt","storage":"sam863","workload":"RW","compression":"snappy","server":"blade3","network":"client","runsign":"oltp_rw_longrun_cache20G_sam863_network","syncdelay":"600"}
540	112	1164.90	16304.28	3492.70	153.34	74524ede-38dc-11e6-ad69-673ee6bd33ab	{"cachesize":20,"userthreads":112,"engine":"wt","storage":"sam863","workload":"RW","compression":"snappy","server":"blade3","network":"client","runsign":"oltp_rw_longrun_cache20G_sam863_network","syncdelay":"600"}
550	112	1157.80	16209.70	3474.20	152.06	74524ede-38dc-11e6-ad69-673ee6bd33ab	{"cachesize":20,"userthreads":112,"engine":"wt","storage":"sam863","workload":"RW","compression":"snappy","server":"blade3","network":"client","runsign":"oltp_rw_longrun_cache20G_sam863_network","syncdelay":"600"}
560	112	1177.70	16490.12	3533.50	154.17	74524ede-38dc-11e6-ad69-673ee6bd33ab	{"cachesize":20,"userthreads":112,"engine":"wt","storage":"sam863","workload":"RW","compression":"snappy","server":"blade3","network":"client","runsign":"oltp_rw_longrun_cache20G_sam863_network","syncdelay":"600"}
570	112	1137.60	15927.67	3413.99	155.24	74524ede-38dc-11e6-ad69-673ee6bd33ab	{"cachesize":20,"userthreads":112,"engine":"wt","storage":"sam863","workload":"RW","compression":"snappy","server":"blade3","network":"client","runsign":"oltp_rw_longrun_cache20G_sam863_network","syncdelay":"600"}
580	112	1182.10	16543.50	3543.90	152.11	74524ede-38dc-11e6-ad69-673ee6bd33ab	{"cachesize":20,"userthreads":112,"engine":"wt","storage":"sam863","workload":"RW","compression":"snappy","server":"blade3","network":"client","runsign":"oltp_rw_longrun_cache20G_sam863_network","syncdelay":"600"}
590	112	1173.40	16435.59	3522.20	151.02	74524ede-38dc-11e6-ad69-673ee6bd33ab	{"cachesize":20,"userthreads":112,"engine":"wt","storage":"sam863","workload":"RW","compression":"snappy","server":"blade3","network":"client","runsign":"oltp_rw_longrun_cache20G_sam863_network","syncdelay":"600"}
600	112	963.10	13477.32	2887.30	220.14	74524ede-38dc-11e6-ad69-673ee6bd33ab	{"cachesize":20,"userthreads":112,"engine":"wt","storage":"sam863","workload":"RW","compression":"snappy","server":"blade3","network":"client","runsign":"oltp_rw_longrun_cache20G_sam863_network","syncdelay":"600"}
610	112	947.50	13263.10	2843.30	192.80	74524ede-38dc-11e6-ad69-673ee6bd33ab	{"cachesize":20,"userthreads":112,"engine":"wt","storage":"sam863","workload":"RW","compression":"snappy","server":"blade3","network":"client","runsign":"oltp_rw_longrun_cache20G_sam863_network","syncdelay":"600"}
620	112	1036.80	14523.20	3111.60	153.99	74524ede-38dc-11e6-ad69-673ee6bd33ab	{"cachesize":20,"userthreads":112,"engine":"wt","storage":"sam863","workload":"RW","compression":"snappy","server":"blade3","network":"client","runsign":"oltp_rw_longrun_cache20G_sam863_network","syncdelay":"600"}
630	112	1270.00	17776.11	3809.40	142.54	74524ede-38dc-11e6-ad69-673ee6bd33ab	{"cachesize":20,"userthreads":112,"engine":"wt","storage":"sam863","workload":"RW","compression":"snappy","server":"blade3","network":"client","runsign":"oltp_rw_longrun_cache20G_sam863_network","syncdelay":"600"}
640	112	1331.00	18634.27	3992.59	124.50	74524ede-38dc-11e6-ad69-673ee6bd33ab	{"cachesize":20,"userthreads":112,"engine":"wt","storage":"sam863","workload":"RW","compression":"snappy","server":"blade3","network":"client","runsign":"oltp_rw_longrun_cache20G_sam863_network","syncdelay":"600"}
650	112	1220.90	17086.89	3662.90	152.70	74524ede-38dc-11e6-ad69-673ee6bd33ab	{"cachesize":20,"userthreads":112,"engine":"wt","storage":"sam863","workload":"RW","compression":"snappy","server":"blade3","network":"client","runsign":"oltp_rw_longrun_cache20G_sam863_network","syncdelay":"600"}
660	112	1154.80	16171.03	3464.61	172.23	74524ede-38dc-11e6-ad69-673ee6bd33ab	{"cachesize":20,"userthreads":112,"engine":"wt","storage":"sam863","workload":"RW","compression":"snappy","server":"blade3","network":"client","runsign":"oltp_rw_longrun_cache20G_sam863_network","syncdelay":"600"}
670	112	1165.60	16320.32	3497.00	170.38	74524ede-38dc-11e6-ad69-673ee6bd33ab	{"cachesize":20,"userthreads":112,"engine":"wt","storage":"sam863","workload":"RW","compression":"snappy","server":"blade3","network":"client","runsign":"oltp_rw_longrun_cache20G_sam863_network","syncdelay":"600"}
680	112	1145.00	16034.69	3434.80	175.72	74524ede-38dc-11e6-ad69-673ee6bd33ab	{"cachesize":20,"userthreads":112,"engine":"wt","storage":"sam863","workload":"RW","compression":"snappy","server":"blade3","network":"client","runsign":"oltp_rw_longrun_cache20G_sam863_network","syncdelay":"600"}
690	112	1144.50	16017.70	3434.70	169.92	74524ede-38dc-11e6-ad69-673ee6bd33ab	{"cachesize":20,"userthreads":112,"engine":"wt","storage":"sam863","workload":"RW","compression":"snappy","server":"blade3","network":"client","runsign":"oltp_rw_longrun_cache20G_sam863_network","syncdelay":"600"}
700	112	1069.30	14980.22	3209.70	213.78	74524ede-38dc-11e6-ad69-673ee6bd33ab	{"cachesize":20,"userthreads":112,"engine":"wt","storage":"sam863","workload":"RW","compression":"snappy","server":"blade3","network":"client","runsign":"oltp_rw_longrun_cache20G_sam863_network","syncdelay":"600"}
710	112	1096.60	15350.58	3287.90	197.53	74524ede-38dc-11e6-ad69-673ee6bd33ab	{"cachesize":20,"userthreads":112,"engine":"wt","storage":"sam863","workload":"RW","compression":"snappy","server":"blade3","network":"client","runsign":"oltp_rw_longrun_cache20G_sam863_network","syncdelay":"600"}
720	112	1100.40	15399.60	3299.10	189.65	74524ede-38dc-11e6-ad69-673ee6bd33ab	{"cachesize":20,"userthreads":112,"engine":"wt","storage":"sam863","workload":"RW","compression":"snappy","server":"blade3","network":"client","runsign":"oltp_rw_longrun_cache20G_sam863_network","syncdelay":"600"}
730	112	1081.20	15138.79	3244.80	210.60	74524ede-38dc-11e6-ad69-673ee6bd33ab	{"cachesize":20,"userthreads":112,"engine":"wt","storage":"sam863","workload":"RW","compression":"snappy","server":"blade3","network":"client","runsign":"oltp_rw_longrun_cache20G_sam863_network","syncdelay":"600"}
740	112	1093.70	15310.01	3281.50	193.67	74524ede-38dc-11e6-ad69-673ee6bd33ab	{"cachesize":20,"userthreads":112,"engine":"wt","storage":"sam863","workload":"RW","compression":"snappy","server":"blade3","network":"client","runsign":"oltp_rw_longrun_cache20G_sam863_network","syncdelay":"600"}
750	112	1109.10	15532.10	3325.90	198.54	74524ede-38dc-11e6-ad69-673ee6bd33ab	{"cachesize":20,"userthreads":112,"engine":"wt","storage":"sam863","workload":"RW","compression":"snappy","server":"blade3","network":"client","runsign":"oltp_rw_longrun_cache20G_sam863_network","syncdelay":"600"}
760	112	1084.90	15179.09	3254.30	207.72	74524ede-38dc-11e6-ad69-673ee6bd33ab	{"cachesize":20,"userthreads":112,"engine":"wt","storage":"sam863","workload":"RW","compression":"snappy","server":"blade3","network":"client","runsign":"oltp_rw_longrun_cache20G_sam863_network","syncdelay":"600"}
770	112	1078.70	15111.81	3235.90	199.44	74524ede-38dc-11e6-ad69-673ee6bd33ab	{"cachesize":20,"userthreads":112,"engine":"wt","storage":"sam863","workload":"RW","compression":"snappy","server":"blade3","network":"client","runsign":"oltp_rw_longrun_cache20G_sam863_network","syncdelay":"600"}
780	112	1136.30	15896.70	3409.30	171.66	74524ede-38dc-11e6-ad69-673ee6bd33ab	{"cachesize":20,"userthreads":112,"engine":"wt","storage":"sam863","workload":"RW","compression":"snappy","server":"blade3","network":"client","runsign":"oltp_rw_longrun_cache20G_sam863_network","syncdelay":"600"}
790	112	1087.90	15242.11	3267.30	184.34	74524ede-38dc-11e6-ad69-673ee6bd33ab	{"cachesize":20,"userthreads":112,"engine":"wt","storage":"sam863","workload":"RW","compression":"snappy","server":"blade3","network":"client","runsign":"oltp_rw_longrun_cache20G_sam863_network","syncdelay":"600"}
800	112	1095.90	15331.07	3284.49	183.02	74524ede-38dc-11e6-ad69-673ee6bd33ab	{"cachesize":20,"userthreads":112,"engine":"wt","storage":"sam863","workload":"RW","compression":"snappy","server":"blade3","network":"client","runsign":"oltp_rw_longrun_cache20G_sam863_network","syncdelay":"600"}
810	112	1094.30	15321.21	3283.50	198.25	74524ede-38dc-11e6-ad69-673ee6bd33ab	{"cachesize":20,"userthreads":112,"engine":"wt","storage":"sam863","workload":"RW","compression":"snappy","server":"blade3","network":"client","runsign":"oltp_rw_longrun_cache20G_sam863_network","syncdelay":"600"}
820	112	1078.81	15111.47	3237.02	193.26	74524ede-38dc-11e6-ad69-673ee6bd33ab	{"cachesize":20,"userthreads":112,"engine":"wt","storage":"sam863","workload":"RW","compression":"snappy","server":"blade3","network":"client","runsign":"oltp_rw_longrun_cache20G_sam863_network","syncdelay":"600"}
830	112	1075.79	15062.63	3227.78	191.19	74524ede-38dc-11e6-ad69-673ee6bd33ab	{"cachesize":20,"userthreads":112,"engine":"wt","storage":"sam863","workload":"RW","compression":"snappy","server":"blade3","network":"client","runsign":"oltp_rw_longrun_cache20G_sam863_network","syncdelay":"600"}
840	112	1078.11	15085.97	3233.52	200.87	74524ede-38dc-11e6-ad69-673ee6bd33ab	{"cachesize":20,"userthreads":112,"engine":"wt","storage":"sam863","workload":"RW","compression":"snappy","server":"blade3","network":"client","runsign":"oltp_rw_longrun_cache20G_sam863_network","syncdelay":"600"}
850	112	1072.19	15023.63	3218.18	186.39	74524ede-38dc-11e6-ad69-673ee6bd33ab	{"cachesize":20,"userthreads":112,"engine":"wt","storage":"sam863","workload":"RW","compression":"snappy","server":"blade3","network":"client","runsign":"oltp_rw_longrun_cache20G_sam863_network","syncdelay":"600"}
860	112	994.00	13912.57	2980.01	210.60	74524ede-38dc-11e6-ad69-673ee6bd33ab	{"cachesize":20,"userthreads":112,"engine":"wt","storage":"sam863","workload":"RW","compression":"snappy","server":"blade3","network":"client","runsign":"oltp_rw_longrun_cache20G_sam863_network","syncdelay":"600"}
870	112	998.30	13968.13	2994.69	194.37	74524ede-38dc-11e6-ad69-673ee6bd33ab	{"cachesize":20,"userthreads":112,"engine":"wt","storage":"sam863","workload":"RW","compression":"snappy","server":"blade3","network":"client","runsign":"oltp_rw_longrun_cache20G_sam863_network","syncdelay":"600"}
880	112	1127.20	15779.00	3381.20	170.79	74524ede-38dc-11e6-ad69-673ee6bd33ab	{"cachesize":20,"userthreads":112,"engine":"wt","storage":"sam863","workload":"RW","compression":"snappy","server":"blade3","network":"client","runsign":"oltp_rw_longrun_cache20G_sam863_network","syncdelay":"600"}
890	112	1179.03	16509.36	3537.48	160.43	74524ede-38dc-11e6-ad69-673ee6bd33ab	{"cachesize":20,"userthreads":112,"engine":"wt","storage":"sam863","workload":"RW","compression":"snappy","server":"blade3","network":"client","runsign":"oltp_rw_longrun_cache20G_sam863_network","syncdelay":"600"}
900	112	1187.24	16633.32	3563.53	154.26	74524ede-38dc-11e6-ad69-673ee6bd33ab	{"cachesize":20,"userthreads":112,"engine":"wt","storage":"sam863","workload":"RW","compression":"snappy","server":"blade3","network":"client","runsign":"oltp_rw_longrun_cache20G_sam863_network","syncdelay":"600"}
910	112	1166.46	16320.93	3497.78	167.45	74524ede-38dc-11e6-ad69-673ee6bd33ab	{"cachesize":20,"userthreads":112,"engine":"wt","storage":"sam863","workload":"RW","compression":"snappy","server":"blade3","network":"client","runsign":"oltp_rw_longrun_cache20G_sam863_network","syncdelay":"600"}
920	112	1159.14	16225.89	3479.03	170.18	74524ede-38dc-11e6-ad69-673ee6bd33ab	{"cachesize":20,"userthreads":112,"engine":"wt","storage":"sam863","workload":"RW","compression":"snappy","server":"blade3","network":"client","runsign":"oltp_rw_longrun_cache20G_sam863_network","syncdelay":"600"}
930	112	1102.56	15431.41	3305.90	188.64	74524ede-38dc-11e6-ad69-673ee6bd33ab	{"cachesize":20,"userthreads":112,"engine":"wt","storage":"sam863","workload":"RW","compression":"snappy","server":"blade3","network":"client","runsign":"oltp_rw_longrun_cache20G_sam863_network","syncdelay":"600"}
940	112	1171.44	16405.06	3515.72	174.67	74524ede-38dc-11e6-ad69-673ee6bd33ab	{"cachesize":20,"userthreads":112,"engine":"wt","storage":"sam863","workload":"RW","compression":"snappy","server":"blade3","network":"client","runsign":"oltp_rw_longrun_cache20G_sam863_network","syncdelay":"600"}
950	112	1100.17	15408.26	3300.50	199.26	74524ede-38dc-11e6-ad69-673ee6bd33ab	{"cachesize":20,"userthreads":112,"engine":"wt","storage":"sam863","workload":"RW","compression":"snappy","server":"blade3","network":"client","runsign":"oltp_rw_longrun_cache20G_sam863_network","syncdelay":"600"}
960	112	1063.33	14886.66	3190.20	213.97	74524ede-38dc-11e6-ad69-673ee6bd33ab	{"cachesize":20,"userthreads":112,"engine":"wt","storage":"sam863","workload":"RW","compression":"snappy","server":"blade3","network":"client","runsign":"oltp_rw_longrun_cache20G_sam863_network","syncdelay":"600"}
970	112	1088.87	15239.20	3265.01	196.59	74524ede-38dc-11e6-ad69-673ee6bd33ab	{"cachesize":20,"userthreads":112,"engine":"wt","storage":"sam863","workload":"RW","compression":"snappy","server":"blade3","network":"client","runsign":"oltp_rw_longrun_cache20G_sam863_network","syncdelay":"600"}
980	112	1117.93	15652.93	3354.99	193.55	74524ede-38dc-11e6-ad69-673ee6bd33ab	{"cachesize":20,"userthreads":112,"engine":"wt","storage":"sam863","workload":"RW","compression":"snappy","server":"blade3","network":"client","runsign":"oltp_rw_longrun_cache20G_sam863_network","syncdelay":"600"}
990	112	1090.27	15259.44	3269.82	193.15	74524ede-38dc-11e6-ad69-673ee6bd33ab	{"cachesize":20,"userthreads":112,"engine":"wt","storage":"sam863","workload":"RW","compression":"snappy","server":"blade3","network":"client","runsign":"oltp_rw_longrun_cache20G_sam863_network","syncdelay":"600"}
1000	112	1048.33	14677.15	3144.98	211.80	74524ede-38dc-11e6-ad69-673ee6bd33ab	{"cachesize":20,"userthreads":112,"engine":"wt","storage":"sam863","workload":"RW","compression":"snappy","server":"blade3","network":"client","runsign":"oltp_rw_longrun_cache20G_sam863_network","syncdelay":"600"}
1010	112	1106.18	15479.49	3316.73	172.28	74524ede-38dc-11e6-ad69-673ee6bd33ab	{"cachesize":20,"userthreads":112,"engine":"wt","storage":"sam863","workload":"RW","compression":"snappy","server":"blade3","network":"client","runsign":"oltp_rw_longrun_cache20G_sam863_network","syncdelay":"600"}
1020	112	1092.42	15299.35	3279.07	181.00	74524ede-38dc-11e6-ad69-673ee6bd33ab	{"cachesize":20,"userthreads":112,"engine":"wt","storage":"sam863","workload":"RW","compression":"snappy","server":"blade3","network":"client","runsign":"oltp_rw_longrun_cache20G_sam863_network","syncdelay":"600"}
1030	112	1093.78	15309.23	3281.34	193.15	74524ede-38dc-11e6-ad69-673ee6bd33ab	{"cachesize":20,"userthreads":112,"engine":"wt","storage":"sam863","workload":"RW","compression":"snappy","server":"blade3","network":"client","runsign":"oltp_rw_longrun_cache20G_sam863_network","syncdelay":"600"}
1040	112	1090.62	15284.79	3272.86	182.80	74524ede-38dc-11e6-ad69-673ee6bd33ab	{"cachesize":20,"userthreads":112,"engine":"wt","storage":"sam863","workload":"RW","compression":"snappy","server":"blade3","network":"client","runsign":"oltp_rw_longrun_cache20G_sam863_network","syncdelay":"600"}
1050	112	1043.58	14597.74	3128.94	195.12	74524ede-38dc-11e6-ad69-673ee6bd33ab	{"cachesize":20,"userthreads":112,"engine":"wt","storage":"sam863","workload":"RW","compression":"snappy","server":"blade3","network":"client","runsign":"oltp_rw_longrun_cache20G_sam863_network","syncdelay":"600"}
1060	112	1113.12	15583.10	3339.56	187.23	74524ede-38dc-11e6-ad69-673ee6bd33ab	{"cachesize":20,"userthreads":112,"engine":"wt","storage":"sam863","workload":"RW","compression":"snappy","server":"blade3","network":"client","runsign":"oltp_rw_longrun_cache20G_sam863_network","syncdelay":"600"}
1070	112	1074.38	15046.96	3225.15	193.90	74524ede-38dc-11e6-ad69-673ee6bd33ab	{"cachesize":20,"userthreads":112,"engine":"wt","storage":"sam863","workload":"RW","compression":"snappy","server":"blade3","network":"client","runsign":"oltp_rw_longrun_cache20G_sam863_network","syncdelay":"600"}
1080	112	1130.02	15810.37	3387.86	169.47	74524ede-38dc-11e6-ad69-673ee6bd33ab	{"cachesize":20,"userthreads":112,"engine":"wt","storage":"sam863","workload":"RW","compression":"snappy","server":"blade3","network":"client","runsign":"oltp_rw_longrun_cache20G_sam863_network","syncdelay":"600"}
1090	112	1108.08	15513.88	3323.85	190.34	74524ede-38dc-11e6-ad69-673ee6bd33ab	{"cachesize":20,"userthreads":112,"engine":"wt","storage":"sam863","workload":"RW","compression":"snappy","server":"blade3","network":"client","runsign":"oltp_rw_longrun_cache20G_sam863_network","syncdelay":"600"}
1100	112	1122.02	15714.83	3367.45	185.28	74524ede-38dc-11e6-ad69-673ee6bd33ab	{"cachesize":20,"userthreads":112,"engine":"wt","storage":"sam863","workload":"RW","compression":"snappy","server":"blade3","network":"client","runsign":"oltp_rw_longrun_cache20G_sam863_network","syncdelay":"600"}
1110	112	1117.69	15649.60	3352.06	171.76	74524ede-38dc-11e6-ad69-673ee6bd33ab	{"cachesize":20,"userthreads":112,"engine":"wt","storage":"sam863","workload":"RW","compression":"snappy","server":"blade3","network":"client","runsign":"oltp_rw_longrun_cache20G_sam863_network","syncdelay":"600"}
1120	112	1136.72	15907.64	3411.35	181.76	74524ede-38dc-11e6-ad69-673ee6bd33ab	{"cachesize":20,"userthreads":112,"engine":"wt","storage":"sam863","workload":"RW","compression":"snappy","server":"blade3","network":"client","runsign":"oltp_rw_longrun_cache20G_sam863_network","syncdelay":"600"}
1130	112	1104.99	15474.71	3316.26	174.35	74524ede-38dc-11e6-ad69-673ee6bd33ab	{"cachesize":20,"userthreads":112,"engine":"wt","storage":"sam863","workload":"RW","compression":"snappy","server":"blade3","network":"client","runsign":"oltp_rw_longrun_cache20G_sam863_network","syncdelay":"600"}
1140	112	1106.81	15501.48	3319.74	178.21	74524ede-38dc-11e6-ad69-673ee6bd33ab	{"cachesize":20,"userthreads":112,"engine":"wt","storage":"sam863","workload":"RW","compression":"snappy","server":"blade3","network":"client","runsign":"oltp_rw_longrun_cache20G_sam863_network","syncdelay":"600"}
1150	112	1066.89	14926.38	3199.27	189.82	74524ede-38dc-11e6-ad69-673ee6bd33ab	{"cachesize":20,"userthreads":112,"engine":"wt","storage":"sam863","workload":"RW","compression":"snappy","server":"blade3","network":"client","runsign":"oltp_rw_longrun_cache20G_sam863_network","syncdelay":"600"}
1160	112	1082.21	15152.61	3246.42	183.13	74524ede-38dc-11e6-ad69-673ee6bd33ab	{"cachesize":20,"userthreads":112,"engine":"wt","storage":"sam863","workload":"RW","compression":"snappy","server":"blade3","network":"client","runsign":"oltp_rw_longrun_cache20G_sam863_network","syncdelay":"600"}
1170	112	1061.99	14875.89	3186.58	203.66	74524ede-38dc-11e6-ad69-673ee6bd33ab	{"cachesize":20,"userthreads":112,"engine":"wt","storage":"sam863","workload":"RW","compression":"snappy","server":"blade3","network":"client","runsign":"oltp_rw_longrun_cache20G_sam863_network","syncdelay":"600"}
1180	112	1119.91	15667.25	3358.93	172.38	74524ede-38dc-11e6-ad69-673ee6bd33ab	{"cachesize":20,"userthreads":112,"engine":"wt","storage":"sam863","workload":"RW","compression":"snappy","server":"blade3","network":"client","runsign":"oltp_rw_longrun_cache20G_sam863_network","syncdelay":"600"}
1190	112	1137.09	15923.78	3412.87	173.31	74524ede-38dc-11e6-ad69-673ee6bd33ab	{"cachesize":20,"userthreads":112,"engine":"wt","storage":"sam863","workload":"RW","compression":"snappy","server":"blade3","network":"client","runsign":"oltp_rw_longrun_cache20G_sam863_network","syncdelay":"600"}
1200	112	1126.71	15780.45	3380.13	179.60	74524ede-38dc-11e6-ad69-673ee6bd33ab	{"cachesize":20,"userthreads":112,"engine":"wt","storage":"sam863","workload":"RW","compression":"snappy","server":"blade3","network":"client","runsign":"oltp_rw_longrun_cache20G_sam863_network","syncdelay":"600"}
1210	112	1098.39	15367.58	3293.77	191.65	74524ede-38dc-11e6-ad69-673ee6bd33ab	{"cachesize":20,"userthreads":112,"engine":"wt","storage":"sam863","workload":"RW","compression":"snappy","server":"blade3","network":"client","runsign":"oltp_rw_longrun_cache20G_sam863_network","syncdelay":"600"}
1220	112	1120.41	15689.72	3361.42	186.78	74524ede-38dc-11e6-ad69-673ee6bd33ab	{"cachesize":20,"userthreads":112,"engine":"wt","storage":"sam863","workload":"RW","compression":"snappy","server":"blade3","network":"client","runsign":"oltp_rw_longrun_cache20G_sam863_network","syncdelay":"600"}
1230	112	1008.59	14125.12	3027.98	208.78	74524ede-38dc-11e6-ad69-673ee6bd33ab	{"cachesize":20,"userthreads":112,"engine":"wt","storage":"sam863","workload":"RW","compression":"snappy","server":"blade3","network":"client","runsign":"oltp_rw_longrun_cache20G_sam863_network","syncdelay":"600"}
1240	112	937.41	13116.08	2810.62	197.42	74524ede-38dc-11e6-ad69-673ee6bd33ab	{"cachesize":20,"userthreads":112,"engine":"wt","storage":"sam863","workload":"RW","compression":"snappy","server":"blade3","network":"client","runsign":"oltp_rw_longrun_cache20G_sam863_network","syncdelay":"600"}
1250	112	1001.29	14016.62	3003.08	158.43	74524ede-38dc-11e6-ad69-673ee6bd33ab	{"cachesize":20,"userthreads":112,"engine":"wt","storage":"sam863","workload":"RW","compression":"snappy","server":"blade3","network":"client","runsign":"oltp_rw_longrun_cache20G_sam863_network","syncdelay":"600"}
1260	112	1153.91	16165.34	3462.93	152.11	74524ede-38dc-11e6-ad69-673ee6bd33ab	{"cachesize":20,"userthreads":112,"engine":"wt","storage":"sam863","workload":"RW","compression":"snappy","server":"blade3","network":"client","runsign":"oltp_rw_longrun_cache20G_sam863_network","syncdelay":"600"}
1270	112	1313.69	18381.17	3940.27	129.52	74524ede-38dc-11e6-ad69-673ee6bd33ab	{"cachesize":20,"userthreads":112,"engine":"wt","storage":"sam863","workload":"RW","compression":"snappy","server":"blade3","network":"client","runsign":"oltp_rw_longrun_cache20G_sam863_network","syncdelay":"600"}
1280	112	1292.11	18090.10	3876.52	131.47	74524ede-38dc-11e6-ad69-673ee6bd33ab	{"cachesize":20,"userthreads":112,"engine":"wt","storage":"sam863","workload":"RW","compression":"snappy","server":"blade3","network":"client","runsign":"oltp_rw_longrun_cache20G_sam863_network","syncdelay":"600"}
1290	112	1189.70	16665.75	3569.49	161.59	74524ede-38dc-11e6-ad69-673ee6bd33ab	{"cachesize":20,"userthreads":112,"engine":"wt","storage":"sam863","workload":"RW","compression":"snappy","server":"blade3","network":"client","runsign":"oltp_rw_longrun_cache20G_sam863_network","syncdelay":"600"}
1300	112	1184.50	16583.36	3552.91	158.95	74524ede-38dc-11e6-ad69-673ee6bd33ab	{"cachesize":20,"userthreads":112,"engine":"wt","storage":"sam863","workload":"RW","compression":"snappy","server":"blade3","network":"client","runsign":"oltp_rw_longrun_cache20G_sam863_network","syncdelay":"600"}
1310	112	1083.40	15154.98	3249.20	176.24	74524ede-38dc-11e6-ad69-673ee6bd33ab	{"cachesize":20,"userthreads":112,"engine":"wt","storage":"sam863","workload":"RW","compression":"snappy","server":"blade3","network":"client","runsign":"oltp_rw_longrun_cache20G_sam863_network","syncdelay":"600"}
1320	112	1031.30	14452.92	3096.20	169.82	74524ede-38dc-11e6-ad69-673ee6bd33ab	{"cachesize":20,"userthreads":112,"engine":"wt","storage":"sam863","workload":"RW","compression":"snappy","server":"blade3","network":"client","runsign":"oltp_rw_longrun_cache20G_sam863_network","syncdelay":"600"}
1330	112	1198.50	16766.22	3594.80	146.00	74524ede-38dc-11e6-ad69-673ee6bd33ab	{"cachesize":20,"userthreads":112,"engine":"wt","storage":"sam863","workload":"RW","compression":"snappy","server":"blade3","network":"client","runsign":"oltp_rw_longrun_cache20G_sam863_network","syncdelay":"600"}
1340	112	1226.70	17176.12	3680.51	139.25	74524ede-38dc-11e6-ad69-673ee6bd33ab	{"cachesize":20,"userthreads":112,"engine":"wt","storage":"sam863","workload":"RW","compression":"snappy","server":"blade3","network":"client","runsign":"oltp_rw_longrun_cache20G_sam863_network","syncdelay":"600"}
1350	112	1200.10	16796.35	3598.89	149.09	74524ede-38dc-11e6-ad69-673ee6bd33ab	{"cachesize":20,"userthreads":112,"engine":"wt","storage":"sam863","workload":"RW","compression":"snappy","server":"blade3","network":"client","runsign":"oltp_rw_longrun_cache20G_sam863_network","syncdelay":"600"}
1360	112	1217.70	17051.73	3655.11	145.95	74524ede-38dc-11e6-ad69-673ee6bd33ab	{"cachesize":20,"userthreads":112,"engine":"wt","storage":"sam863","workload":"RW","compression":"snappy","server":"blade3","network":"client","runsign":"oltp_rw_longrun_cache20G_sam863_network","syncdelay":"600"}
1370	112	1230.20	17229.81	3689.40	141.61	74524ede-38dc-11e6-ad69-673ee6bd33ab	{"cachesize":20,"userthreads":112,"engine":"wt","storage":"sam863","workload":"RW","compression":"snappy","server":"blade3","network":"client","runsign":"oltp_rw_longrun_cache20G_sam863_network","syncdelay":"600"}
1380	112	1233.20	17262.32	3699.60	144.99	74524ede-38dc-11e6-ad69-673ee6bd33ab	{"cachesize":20,"userthreads":112,"engine":"wt","storage":"sam863","workload":"RW","compression":"snappy","server":"blade3","network":"client","runsign":"oltp_rw_longrun_cache20G_sam863_network","syncdelay":"600"}
1390	112	1173.00	16411.97	3517.59	161.20	74524ede-38dc-11e6-ad69-673ee6bd33ab	{"cachesize":20,"userthreads":112,"engine":"wt","storage":"sam863","workload":"RW","compression":"snappy","server":"blade3","network":"client","runsign":"oltp_rw_longrun_cache20G_sam863_network","syncdelay":"600"}
1400	112	1171.40	16409.91	3516.60	158.00	74524ede-38dc-11e6-ad69-673ee6bd33ab	{"cachesize":20,"userthreads":112,"engine":"wt","storage":"sam863","workload":"RW","compression":"snappy","server":"blade3","network":"client","runsign":"oltp_rw_longrun_cache20G_sam863_network","syncdelay":"600"}
1410	112	1090.10	15261.37	3270.09	188.07	74524ede-38dc-11e6-ad69-673ee6bd33ab	{"cachesize":20,"userthreads":112,"engine":"wt","storage":"sam863","workload":"RW","compression":"snappy","server":"blade3","network":"client","runsign":"oltp_rw_longrun_cache20G_sam863_network","syncdelay":"600"}
1420	112	1047.20	14666.03	3141.21	179.01	74524ede-38dc-11e6-ad69-673ee6bd33ab	{"cachesize":20,"userthreads":112,"engine":"wt","storage":"sam863","workload":"RW","compression":"snappy","server":"blade3","network":"client","runsign":"oltp_rw_longrun_cache20G_sam863_network","syncdelay":"600"}
1430	112	1087.70	15219.20	3262.90	166.70	74524ede-38dc-11e6-ad69-673ee6bd33ab	{"cachesize":20,"userthreads":112,"engine":"wt","storage":"sam863","workload":"RW","compression":"snappy","server":"blade3","network":"client","runsign":"oltp_rw_longrun_cache20G_sam863_network","syncdelay":"600"}
1440	112	1105.90	15482.39	3316.70	167.05	74524ede-38dc-11e6-ad69-673ee6bd33ab	{"cachesize":20,"userthreads":112,"engine":"wt","storage":"sam863","workload":"RW","compression":"snappy","server":"blade3","network":"client","runsign":"oltp_rw_longrun_cache20G_sam863_network","syncdelay":"600"}
1450	112	1142.80	16001.94	3429.41	153.85	74524ede-38dc-11e6-ad69-673ee6bd33ab	{"cachesize":20,"userthreads":112,"engine":"wt","storage":"sam863","workload":"RW","compression":"snappy","server":"blade3","network":"client","runsign":"oltp_rw_longrun_cache20G_sam863_network","syncdelay":"600"}
1460	112	1128.30	15797.66	3384.49	151.15	74524ede-38dc-11e6-ad69-673ee6bd33ab	{"cachesize":20,"userthreads":112,"engine":"wt","storage":"sam863","workload":"RW","compression":"snappy","server":"blade3","network":"client","runsign":"oltp_rw_longrun_cache20G_sam863_network","syncdelay":"600"}
1470	112	1149.00	16080.33	3445.81	156.21	74524ede-38dc-11e6-ad69-673ee6bd33ab	{"cachesize":20,"userthreads":112,"engine":"wt","storage":"sam863","workload":"RW","compression":"snappy","server":"blade3","network":"client","runsign":"oltp_rw_longrun_cache20G_sam863_network","syncdelay":"600"}
1480	112	1107.90	15515.38	3325.50	160.58	74524ede-38dc-11e6-ad69-673ee6bd33ab	{"cachesize":20,"userthreads":112,"engine":"wt","storage":"sam863","workload":"RW","compression":"snappy","server":"blade3","network":"client","runsign":"oltp_rw_longrun_cache20G_sam863_network","syncdelay":"600"}
1490	112	1154.10	16155.72	3462.71	153.16	74524ede-38dc-11e6-ad69-673ee6bd33ab	{"cachesize":20,"userthreads":112,"engine":"wt","storage":"sam863","workload":"RW","compression":"snappy","server":"blade3","network":"client","runsign":"oltp_rw_longrun_cache20G_sam863_network","syncdelay":"600"}
1500	112	1157.00	16187.54	3468.39	152.61	74524ede-38dc-11e6-ad69-673ee6bd33ab	{"cachesize":20,"userthreads":112,"engine":"wt","storage":"sam863","workload":"RW","compression":"snappy","server":"blade3","network":"client","runsign":"oltp_rw_longrun_cache20G_sam863_network","syncdelay":"600"}
1510	112	1111.20	15563.77	3336.61	164.62	74524ede-38dc-11e6-ad69-673ee6bd33ab	{"cachesize":20,"userthreads":112,"engine":"wt","storage":"sam863","workload":"RW","compression":"snappy","server":"blade3","network":"client","runsign":"oltp_rw_longrun_cache20G_sam863_network","syncdelay":"600"}
1520	112	1159.60	16237.19	3478.00	158.33	74524ede-38dc-11e6-ad69-673ee6bd33ab	{"cachesize":20,"userthreads":112,"engine":"wt","storage":"sam863","workload":"RW","compression":"snappy","server":"blade3","network":"client","runsign":"oltp_rw_longrun_cache20G_sam863_network","syncdelay":"600"}
1530	112	1167.20	16345.44	3502.01	149.80	74524ede-38dc-11e6-ad69-673ee6bd33ab	{"cachesize":20,"userthreads":112,"engine":"wt","storage":"sam863","workload":"RW","compression":"snappy","server":"blade3","network":"client","runsign":"oltp_rw_longrun_cache20G_sam863_network","syncdelay":"600"}
1540	112	1128.50	15800.04	3385.29	158.86	74524ede-38dc-11e6-ad69-673ee6bd33ab	{"cachesize":20,"userthreads":112,"engine":"wt","storage":"sam863","workload":"RW","compression":"snappy","server":"blade3","network":"client","runsign":"oltp_rw_longrun_cache20G_sam863_network","syncdelay":"600"}
1550	112	1149.00	16070.64	3446.61	156.31	74524ede-38dc-11e6-ad69-673ee6bd33ab	{"cachesize":20,"userthreads":112,"engine":"wt","storage":"sam863","workload":"RW","compression":"snappy","server":"blade3","network":"client","runsign":"oltp_rw_longrun_cache20G_sam863_network","syncdelay":"600"}
1560	112	1124.00	15751.66	3372.39	155.93	74524ede-38dc-11e6-ad69-673ee6bd33ab	{"cachesize":20,"userthreads":112,"engine":"wt","storage":"sam863","workload":"RW","compression":"snappy","server":"blade3","network":"client","runsign":"oltp_rw_longrun_cache20G_sam863_network","syncdelay":"600"}
1570	112	1172.30	16399.25	3515.11	153.76	74524ede-38dc-11e6-ad69-673ee6bd33ab	{"cachesize":20,"userthreads":112,"engine":"wt","storage":"sam863","workload":"RW","compression":"snappy","server":"blade3","network":"client","runsign":"oltp_rw_longrun_cache20G_sam863_network","syncdelay":"600"}
1580	112	1119.40	15673.19	3360.00	162.12	74524ede-38dc-11e6-ad69-673ee6bd33ab	{"cachesize":20,"userthreads":112,"engine":"wt","storage":"sam863","workload":"RW","compression":"snappy","server":"blade3","network":"client","runsign":"oltp_rw_longrun_cache20G_sam863_network","syncdelay":"600"}
1590	112	1153.10	16151.53	3457.11	155.61	74524ede-38dc-11e6-ad69-673ee6bd33ab	{"cachesize":20,"userthreads":112,"engine":"wt","storage":"sam863","workload":"RW","compression":"snappy","server":"blade3","network":"client","runsign":"oltp_rw_longrun_cache20G_sam863_network","syncdelay":"600"}
1600	112	1128.60	15805.44	3387.19	155.14	74524ede-38dc-11e6-ad69-673ee6bd33ab	{"cachesize":20,"userthreads":112,"engine":"wt","storage":"sam863","workload":"RW","compression":"snappy","server":"blade3","network":"client","runsign":"oltp_rw_longrun_cache20G_sam863_network","syncdelay":"600"}
1610	112	1169.10	16375.86	3509.51	155.38	74524ede-38dc-11e6-ad69-673ee6bd33ab	{"cachesize":20,"userthreads":112,"engine":"wt","storage":"sam863","workload":"RW","compression":"snappy","server":"blade3","network":"client","runsign":"oltp_rw_longrun_cache20G_sam863_network","syncdelay":"600"}
1620	112	1113.50	15583.85	3338.29	161.88	74524ede-38dc-11e6-ad69-673ee6bd33ab	{"cachesize":20,"userthreads":112,"engine":"wt","storage":"sam863","workload":"RW","compression":"snappy","server":"blade3","network":"client","runsign":"oltp_rw_longrun_cache20G_sam863_network","syncdelay":"600"}
1630	112	1163.91	16294.57	3493.12	153.02	74524ede-38dc-11e6-ad69-673ee6bd33ab	{"cachesize":20,"userthreads":112,"engine":"wt","storage":"sam863","workload":"RW","compression":"snappy","server":"blade3","network":"client","runsign":"oltp_rw_longrun_cache20G_sam863_network","syncdelay":"600"}
1640	112	1141.80	15973.25	3422.99	152.75	74524ede-38dc-11e6-ad69-673ee6bd33ab	{"cachesize":20,"userthreads":112,"engine":"wt","storage":"sam863","workload":"RW","compression":"snappy","server":"blade3","network":"client","runsign":"oltp_rw_longrun_cache20G_sam863_network","syncdelay":"600"}
1650	112	1185.30	16600.15	3558.11	149.80	74524ede-38dc-11e6-ad69-673ee6bd33ab	{"cachesize":20,"userthreads":112,"engine":"wt","storage":"sam863","workload":"RW","compression":"snappy","server":"blade3","network":"client","runsign":"oltp_rw_longrun_cache20G_sam863_network","syncdelay":"600"}
1660	112	1124.80	15741.44	3371.99	159.05	74524ede-38dc-11e6-ad69-673ee6bd33ab	{"cachesize":20,"userthreads":112,"engine":"wt","storage":"sam863","workload":"RW","compression":"snappy","server":"blade3","network":"client","runsign":"oltp_rw_longrun_cache20G_sam863_network","syncdelay":"600"}
1670	112	1169.81	16384.48	3511.62	151.97	74524ede-38dc-11e6-ad69-673ee6bd33ab	{"cachesize":20,"userthreads":112,"engine":"wt","storage":"sam863","workload":"RW","compression":"snappy","server":"blade3","network":"client","runsign":"oltp_rw_longrun_cache20G_sam863_network","syncdelay":"600"}
1680	112	1142.80	15988.24	3426.39	151.74	74524ede-38dc-11e6-ad69-673ee6bd33ab	{"cachesize":20,"userthreads":112,"engine":"wt","storage":"sam863","workload":"RW","compression":"snappy","server":"blade3","network":"client","runsign":"oltp_rw_longrun_cache20G_sam863_network","syncdelay":"600"}
1690	112	1169.01	16367.59	3508.42	152.88	74524ede-38dc-11e6-ad69-673ee6bd33ab	{"cachesize":20,"userthreads":112,"engine":"wt","storage":"sam863","workload":"RW","compression":"snappy","server":"blade3","network":"client","runsign":"oltp_rw_longrun_cache20G_sam863_network","syncdelay":"600"}
1700	112	1111.99	15565.92	3335.58	163.63	74524ede-38dc-11e6-ad69-673ee6bd33ab	{"cachesize":20,"userthreads":112,"engine":"wt","storage":"sam863","workload":"RW","compression":"snappy","server":"blade3","network":"client","runsign":"oltp_rw_longrun_cache20G_sam863_network","syncdelay":"600"}
1710	112	1176.01	16469.97	3527.82	150.07	74524ede-38dc-11e6-ad69-673ee6bd33ab	{"cachesize":20,"userthreads":112,"engine":"wt","storage":"sam863","workload":"RW","compression":"snappy","server":"blade3","network":"client","runsign":"oltp_rw_longrun_cache20G_sam863_network","syncdelay":"600"}
1720	112	1161.80	16266.54	3485.19	150.70	74524ede-38dc-11e6-ad69-673ee6bd33ab	{"cachesize":20,"userthreads":112,"engine":"wt","storage":"sam863","workload":"RW","compression":"snappy","server":"blade3","network":"client","runsign":"oltp_rw_longrun_cache20G_sam863_network","syncdelay":"600"}
1730	112	1176.20	16470.25	3529.41	152.38	74524ede-38dc-11e6-ad69-673ee6bd33ab	{"cachesize":20,"userthreads":112,"engine":"wt","storage":"sam863","workload":"RW","compression":"snappy","server":"blade3","network":"client","runsign":"oltp_rw_longrun_cache20G_sam863_network","syncdelay":"600"}
1740	112	1122.60	15719.15	3367.79	162.03	74524ede-38dc-11e6-ad69-673ee6bd33ab	{"cachesize":20,"userthreads":112,"engine":"wt","storage":"sam863","workload":"RW","compression":"snappy","server":"blade3","network":"client","runsign":"oltp_rw_longrun_cache20G_sam863_network","syncdelay":"600"}
1750	112	1119.61	15662.38	3358.02	162.17	74524ede-38dc-11e6-ad69-673ee6bd33ab	{"cachesize":20,"userthreads":112,"engine":"wt","storage":"sam863","workload":"RW","compression":"snappy","server":"blade3","network":"client","runsign":"oltp_rw_longrun_cache20G_sam863_network","syncdelay":"600"}
1760	112	1141.20	15987.15	3424.59	158.81	74524ede-38dc-11e6-ad69-673ee6bd33ab	{"cachesize":20,"userthreads":112,"engine":"wt","storage":"sam863","workload":"RW","compression":"snappy","server":"blade3","network":"client","runsign":"oltp_rw_longrun_cache20G_sam863_network","syncdelay":"600"}
1770	112	1203.30	16829.70	3608.50	144.56	74524ede-38dc-11e6-ad69-673ee6bd33ab	{"cachesize":20,"userthreads":112,"engine":"wt","storage":"sam863","workload":"RW","compression":"snappy","server":"blade3","network":"client","runsign":"oltp_rw_longrun_cache20G_sam863_network","syncdelay":"600"}
1780	112	1213.50	17002.97	3641.89	143.96	74524ede-38dc-11e6-ad69-673ee6bd33ab	{"cachesize":20,"userthreads":112,"engine":"wt","storage":"sam863","workload":"RW","compression":"snappy","server":"blade3","network":"client","runsign":"oltp_rw_longrun_cache20G_sam863_network","syncdelay":"600"}
1790	112	1222.11	17108.51	3666.72	144.69	74524ede-38dc-11e6-ad69-673ee6bd33ab	{"cachesize":20,"userthreads":112,"engine":"wt","storage":"sam863","workload":"RW","compression":"snappy","server":"blade3","network":"client","runsign":"oltp_rw_longrun_cache20G_sam863_network","syncdelay":"600"}
1800	112	1205.59	16866.66	3615.17	145.47	74524ede-38dc-11e6-ad69-673ee6bd33ab	{"cachesize":20,"userthreads":112,"engine":"wt","storage":"sam863","workload":"RW","compression":"snappy","server":"blade3","network":"client","runsign":"oltp_rw_longrun_cache20G_sam863_network","syncdelay":"600"}
1810	112	1197.90	16781.49	3596.50	149.22	74524ede-38dc-11e6-ad69-673ee6bd33ab	{"cachesize":20,"userthreads":112,"engine":"wt","storage":"sam863","workload":"RW","compression":"snappy","server":"blade3","network":"client","runsign":"oltp_rw_longrun_cache20G_sam863_network","syncdelay":"600"}
1820	112	1108.10	15508.21	3321.50	167.65	74524ede-38dc-11e6-ad69-673ee6bd33ab	{"cachesize":20,"userthreads":112,"engine":"wt","storage":"sam863","workload":"RW","compression":"snappy","server":"blade3","network":"client","runsign":"oltp_rw_longrun_cache20G_sam863_network","syncdelay":"600"}
1830	112	1123.20	15728.20	3370.60	161.98	74524ede-38dc-11e6-ad69-673ee6bd33ab	{"cachesize":20,"userthreads":112,"engine":"wt","storage":"sam863","workload":"RW","compression":"snappy","server":"blade3","network":"client","runsign":"oltp_rw_longrun_cache20G_sam863_network","syncdelay":"600"}
1840	112	1146.00	16042.20	3439.40	159.62	74524ede-38dc-11e6-ad69-673ee6bd33ab	{"cachesize":20,"userthreads":112,"engine":"wt","storage":"sam863","workload":"RW","compression":"snappy","server":"blade3","network":"client","runsign":"oltp_rw_longrun_cache20G_sam863_network","syncdelay":"600"}
1850	112	1133.10	15864.00	3397.30	158.14	74524ede-38dc-11e6-ad69-673ee6bd33ab	{"cachesize":20,"userthreads":112,"engine":"wt","storage":"sam863","workload":"RW","compression":"snappy","server":"blade3","network":"client","runsign":"oltp_rw_longrun_cache20G_sam863_network","syncdelay":"600"}
1860	112	1092.90	15305.34	3280.11	173.31	74524ede-38dc-11e6-ad69-673ee6bd33ab	{"cachesize":20,"userthreads":112,"engine":"wt","storage":"sam863","workload":"RW","compression":"snappy","server":"blade3","network":"client","runsign":"oltp_rw_longrun_cache20G_sam863_network","syncdelay":"600"}
1870	112	922.80	12922.30	2768.20	208.28	74524ede-38dc-11e6-ad69-673ee6bd33ab	{"cachesize":20,"userthreads":112,"engine":"wt","storage":"sam863","workload":"RW","compression":"snappy","server":"blade3","network":"client","runsign":"oltp_rw_longrun_cache20G_sam863_network","syncdelay":"600"}
1880	112	1007.50	14100.90	3021.90	164.57	74524ede-38dc-11e6-ad69-673ee6bd33ab	{"cachesize":20,"userthreads":112,"engine":"wt","storage":"sam863","workload":"RW","compression":"snappy","server":"blade3","network":"client","runsign":"oltp_rw_longrun_cache20G_sam863_network","syncdelay":"600"}
1890	112	1086.40	15206.80	3258.60	152.47	74524ede-38dc-11e6-ad69-673ee6bd33ab	{"cachesize":20,"userthreads":112,"engine":"wt","storage":"sam863","workload":"RW","compression":"snappy","server":"blade3","network":"client","runsign":"oltp_rw_longrun_cache20G_sam863_network","syncdelay":"600"}
1900	112	1280.90	17930.67	3842.49	127.83	74524ede-38dc-11e6-ad69-673ee6bd33ab	{"cachesize":20,"userthreads":112,"engine":"wt","storage":"sam863","workload":"RW","compression":"snappy","server":"blade3","network":"client","runsign":"oltp_rw_longrun_cache20G_sam863_network","syncdelay":"600"}
1910	112	1289.70	18051.04	3869.31	126.49	74524ede-38dc-11e6-ad69-673ee6bd33ab	{"cachesize":20,"userthreads":112,"engine":"wt","storage":"sam863","workload":"RW","compression":"snappy","server":"blade3","network":"client","runsign":"oltp_rw_longrun_cache20G_sam863_network","syncdelay":"600"}
1920	112	1223.40	17133.45	3669.19	149.45	74524ede-38dc-11e6-ad69-673ee6bd33ab	{"cachesize":20,"userthreads":112,"engine":"wt","storage":"sam863","workload":"RW","compression":"snappy","server":"blade3","network":"client","runsign":"oltp_rw_longrun_cache20G_sam863_network","syncdelay":"600"}
1930	112	1144.40	16022.14	3435.01	171.87	74524ede-38dc-11e6-ad69-673ee6bd33ab	{"cachesize":20,"userthreads":112,"engine":"wt","storage":"sam863","workload":"RW","compression":"snappy","server":"blade3","network":"client","runsign":"oltp_rw_longrun_cache20G_sam863_network","syncdelay":"600"}
1940	112	1113.80	15594.95	3341.19	179.28	74524ede-38dc-11e6-ad69-673ee6bd33ab	{"cachesize":20,"userthreads":112,"engine":"wt","storage":"sam863","workload":"RW","compression":"snappy","server":"blade3","network":"client","runsign":"oltp_rw_longrun_cache20G_sam863_network","syncdelay":"600"}
1950	112	1163.20	16278.91	3489.40	157.20	74524ede-38dc-11e6-ad69-673ee6bd33ab	{"cachesize":20,"userthreads":112,"engine":"wt","storage":"sam863","workload":"RW","compression":"snappy","server":"blade3","network":"client","runsign":"oltp_rw_longrun_cache20G_sam863_network","syncdelay":"600"}
1960	112	1144.60	16026.60	3433.20	159.52	74524ede-38dc-11e6-ad69-673ee6bd33ab	{"cachesize":20,"userthreads":112,"engine":"wt","storage":"sam863","workload":"RW","compression":"snappy","server":"blade3","network":"client","runsign":"oltp_rw_longrun_cache20G_sam863_network","syncdelay":"600"}
1970	112	1178.80	16496.80	3535.20	151.02	74524ede-38dc-11e6-ad69-673ee6bd33ab	{"cachesize":20,"userthreads":112,"engine":"wt","storage":"sam863","workload":"RW","compression":"snappy","server":"blade3","network":"client","runsign":"oltp_rw_longrun_cache20G_sam863_network","syncdelay":"600"}
1980	112	1128.70	15817.80	3388.10	178.15	74524ede-38dc-11e6-ad69-673ee6bd33ab	{"cachesize":20,"userthreads":112,"engine":"wt","storage":"sam863","workload":"RW","compression":"snappy","server":"blade3","network":"client","runsign":"oltp_rw_longrun_cache20G_sam863_network","syncdelay":"600"}
1990	112	1150.40	16092.88	3449.80	167.60	74524ede-38dc-11e6-ad69-673ee6bd33ab	{"cachesize":20,"userthreads":112,"engine":"wt","storage":"sam863","workload":"RW","compression":"snappy","server":"blade3","network":"client","runsign":"oltp_rw_longrun_cache20G_sam863_network","syncdelay":"600"}
2000	112	1025.00	14363.84	3078.01	188.75	74524ede-38dc-11e6-ad69-673ee6bd33ab	{"cachesize":20,"userthreads":112,"engine":"wt","storage":"sam863","workload":"RW","compression":"snappy","server":"blade3","network":"client","runsign":"oltp_rw_longrun_cache20G_sam863_network","syncdelay":"600"}
2010	112	1111.80	15563.15	3334.59	165.21	74524ede-38dc-11e6-ad69-673ee6bd33ab	{"cachesize":20,"userthreads":112,"engine":"wt","storage":"sam863","workload":"RW","compression":"snappy","server":"blade3","network":"client","runsign":"oltp_rw_longrun_cache20G_sam863_network","syncdelay":"600"}
2020	112	1113.10	15577.75	3338.71	155.56	74524ede-38dc-11e6-ad69-673ee6bd33ab	{"cachesize":20,"userthreads":112,"engine":"wt","storage":"sam863","workload":"RW","compression":"snappy","server":"blade3","network":"client","runsign":"oltp_rw_longrun_cache20G_sam863_network","syncdelay":"600"}
2030	112	1129.80	15822.67	3388.79	159.28	74524ede-38dc-11e6-ad69-673ee6bd33ab	{"cachesize":20,"userthreads":112,"engine":"wt","storage":"sam863","workload":"RW","compression":"snappy","server":"blade3","network":"client","runsign":"oltp_rw_longrun_cache20G_sam863_network","syncdelay":"600"}
2040	112	1152.90	16138.14	3458.31	154.54	74524ede-38dc-11e6-ad69-673ee6bd33ab	{"cachesize":20,"userthreads":112,"engine":"wt","storage":"sam863","workload":"RW","compression":"snappy","server":"blade3","network":"client","runsign":"oltp_rw_longrun_cache20G_sam863_network","syncdelay":"600"}
2050	112	1143.10	15998.25	3429.89	153.07	74524ede-38dc-11e6-ad69-673ee6bd33ab	{"cachesize":20,"userthreads":112,"engine":"wt","storage":"sam863","workload":"RW","compression":"snappy","server":"blade3","network":"client","runsign":"oltp_rw_longrun_cache20G_sam863_network","syncdelay":"600"}
2060	112	1133.40	15873.14	3400.81	159.19	74524ede-38dc-11e6-ad69-673ee6bd33ab	{"cachesize":20,"userthreads":112,"engine":"wt","storage":"sam863","workload":"RW","compression":"snappy","server":"blade3","network":"client","runsign":"oltp_rw_longrun_cache20G_sam863_network","syncdelay":"600"}
2070	112	1159.50	16228.85	3477.89	152.52	74524ede-38dc-11e6-ad69-673ee6bd33ab	{"cachesize":20,"userthreads":112,"engine":"wt","storage":"sam863","workload":"RW","compression":"snappy","server":"blade3","network":"client","runsign":"oltp_rw_longrun_cache20G_sam863_network","syncdelay":"600"}
2080	112	1170.11	16388.07	3511.52	153.71	74524ede-38dc-11e6-ad69-673ee6bd33ab	{"cachesize":20,"userthreads":112,"engine":"wt","storage":"sam863","workload":"RW","compression":"snappy","server":"blade3","network":"client","runsign":"oltp_rw_longrun_cache20G_sam863_network","syncdelay":"600"}
2090	112	1123.00	15716.64	3366.39	164.37	74524ede-38dc-11e6-ad69-673ee6bd33ab	{"cachesize":20,"userthreads":112,"engine":"wt","storage":"sam863","workload":"RW","compression":"snappy","server":"blade3","network":"client","runsign":"oltp_rw_longrun_cache20G_sam863_network","syncdelay":"600"}
2100	112	1160.30	16249.35	3482.71	154.59	74524ede-38dc-11e6-ad69-673ee6bd33ab	{"cachesize":20,"userthreads":112,"engine":"wt","storage":"sam863","workload":"RW","compression":"snappy","server":"blade3","network":"client","runsign":"oltp_rw_longrun_cache20G_sam863_network","syncdelay":"600"}
2110	112	1105.60	15475.65	3316.79	160.43	74524ede-38dc-11e6-ad69-673ee6bd33ab	{"cachesize":20,"userthreads":112,"engine":"wt","storage":"sam863","workload":"RW","compression":"snappy","server":"blade3","network":"client","runsign":"oltp_rw_longrun_cache20G_sam863_network","syncdelay":"600"}
2120	112	1143.70	16010.23	3431.61	158.95	74524ede-38dc-11e6-ad69-673ee6bd33ab	{"cachesize":20,"userthreads":112,"engine":"wt","storage":"sam863","workload":"RW","compression":"snappy","server":"blade3","network":"client","runsign":"oltp_rw_longrun_cache20G_sam863_network","syncdelay":"600"}
2130	112	1124.10	15738.07	3372.19	161.83	74524ede-38dc-11e6-ad69-673ee6bd33ab	{"cachesize":20,"userthreads":112,"engine":"wt","storage":"sam863","workload":"RW","compression":"snappy","server":"blade3","network":"client","runsign":"oltp_rw_longrun_cache20G_sam863_network","syncdelay":"600"}
2140	112	1169.80	16377.65	3509.21	148.95	74524ede-38dc-11e6-ad69-673ee6bd33ab	{"cachesize":20,"userthreads":112,"engine":"wt","storage":"sam863","workload":"RW","compression":"snappy","server":"blade3","network":"client","runsign":"oltp_rw_longrun_cache20G_sam863_network","syncdelay":"600"}
2150	112	1157.30	16194.95	3472.09	150.30	74524ede-38dc-11e6-ad69-673ee6bd33ab	{"cachesize":20,"userthreads":112,"engine":"wt","storage":"sam863","workload":"RW","compression":"snappy","server":"blade3","network":"client","runsign":"oltp_rw_longrun_cache20G_sam863_network","syncdelay":"600"}
2160	112	1146.90	16062.15	3442.11	158.33	74524ede-38dc-11e6-ad69-673ee6bd33ab	{"cachesize":20,"userthreads":112,"engine":"wt","storage":"sam863","workload":"RW","compression":"snappy","server":"blade3","network":"client","runsign":"oltp_rw_longrun_cache20G_sam863_network","syncdelay":"600"}
2170	112	1108.10	15502.26	3320.29	163.63	74524ede-38dc-11e6-ad69-673ee6bd33ab	{"cachesize":20,"userthreads":112,"engine":"wt","storage":"sam863","workload":"RW","compression":"snappy","server":"blade3","network":"client","runsign":"oltp_rw_longrun_cache20G_sam863_network","syncdelay":"600"}
2180	112	1097.30	15372.34	3293.11	167.00	74524ede-38dc-11e6-ad69-673ee6bd33ab	{"cachesize":20,"userthreads":112,"engine":"wt","storage":"sam863","workload":"RW","compression":"snappy","server":"blade3","network":"client","runsign":"oltp_rw_longrun_cache20G_sam863_network","syncdelay":"600"}
2190	112	1097.50	15359.35	3293.49	160.38	74524ede-38dc-11e6-ad69-673ee6bd33ab	{"cachesize":20,"userthreads":112,"engine":"wt","storage":"sam863","workload":"RW","compression":"snappy","server":"blade3","network":"client","runsign":"oltp_rw_longrun_cache20G_sam863_network","syncdelay":"600"}
2200	112	1144.60	16036.85	3434.11	153.53	74524ede-38dc-11e6-ad69-673ee6bd33ab	{"cachesize":20,"userthreads":112,"engine":"wt","storage":"sam863","workload":"RW","compression":"snappy","server":"blade3","network":"client","runsign":"oltp_rw_longrun_cache20G_sam863_network","syncdelay":"600"}
2210	112	1232.70	17249.95	3697.99	137.10	74524ede-38dc-11e6-ad69-673ee6bd33ab	{"cachesize":20,"userthreads":112,"engine":"wt","storage":"sam863","workload":"RW","compression":"snappy","server":"blade3","network":"client","runsign":"oltp_rw_longrun_cache20G_sam863_network","syncdelay":"600"}
2220	112	1229.20	17199.24	3686.01	138.84	74524ede-38dc-11e6-ad69-673ee6bd33ab	{"cachesize":20,"userthreads":112,"engine":"wt","storage":"sam863","workload":"RW","compression":"snappy","server":"blade3","network":"client","runsign":"oltp_rw_longrun_cache20G_sam863_network","syncdelay":"600"}
2230	112	1203.20	16854.16	3611.99	150.30	74524ede-38dc-11e6-ad69-673ee6bd33ab	{"cachesize":20,"userthreads":112,"engine":"wt","storage":"sam863","workload":"RW","compression":"snappy","server":"blade3","network":"client","runsign":"oltp_rw_longrun_cache20G_sam863_network","syncdelay":"600"}
2240	112	1184.00	16577.65	3549.61	147.14	74524ede-38dc-11e6-ad69-673ee6bd33ab	{"cachesize":20,"userthreads":112,"engine":"wt","storage":"sam863","workload":"RW","compression":"snappy","server":"blade3","network":"client","runsign":"oltp_rw_longrun_cache20G_sam863_network","syncdelay":"600"}
2250	112	1142.50	15997.18	3429.29	159.47	74524ede-38dc-11e6-ad69-673ee6bd33ab	{"cachesize":20,"userthreads":112,"engine":"wt","storage":"sam863","workload":"RW","compression":"snappy","server":"blade3","network":"client","runsign":"oltp_rw_longrun_cache20G_sam863_network","syncdelay":"600"}
2260	112	1103.40	15446.64	3310.21	169.72	74524ede-38dc-11e6-ad69-673ee6bd33ab	{"cachesize":20,"userthreads":112,"engine":"wt","storage":"sam863","workload":"RW","compression":"snappy","server":"blade3","network":"client","runsign":"oltp_rw_longrun_cache20G_sam863_network","syncdelay":"600"}
2270	112	1106.79	15491.02	3317.98	168.71	74524ede-38dc-11e6-ad69-673ee6bd33ab	{"cachesize":20,"userthreads":112,"engine":"wt","storage":"sam863","workload":"RW","compression":"snappy","server":"blade3","network":"client","runsign":"oltp_rw_longrun_cache20G_sam863_network","syncdelay":"600"}
2280	112	1149.90	16090.97	3451.11	157.20	74524ede-38dc-11e6-ad69-673ee6bd33ab	{"cachesize":20,"userthreads":112,"engine":"wt","storage":"sam863","workload":"RW","compression":"snappy","server":"blade3","network":"client","runsign":"oltp_rw_longrun_cache20G_sam863_network","syncdelay":"600"}
2290	112	1149.90	16102.45	3449.99	152.70	74524ede-38dc-11e6-ad69-673ee6bd33ab	{"cachesize":20,"userthreads":112,"engine":"wt","storage":"sam863","workload":"RW","compression":"snappy","server":"blade3","network":"client","runsign":"oltp_rw_longrun_cache20G_sam863_network","syncdelay":"600"}
2300	112	1167.50	16349.85	3502.11	153.94	74524ede-38dc-11e6-ad69-673ee6bd33ab	{"cachesize":20,"userthreads":112,"engine":"wt","storage":"sam863","workload":"RW","compression":"snappy","server":"blade3","network":"client","runsign":"oltp_rw_longrun_cache20G_sam863_network","syncdelay":"600"}
2310	112	1126.20	15758.69	3378.10	161.54	74524ede-38dc-11e6-ad69-673ee6bd33ab	{"cachesize":20,"userthreads":112,"engine":"wt","storage":"sam863","workload":"RW","compression":"snappy","server":"blade3","network":"client","runsign":"oltp_rw_longrun_cache20G_sam863_network","syncdelay":"600"}
2320	112	1180.20	16533.12	3541.00	150.70	74524ede-38dc-11e6-ad69-673ee6bd33ab	{"cachesize":20,"userthreads":112,"engine":"wt","storage":"sam863","workload":"RW","compression":"snappy","server":"blade3","network":"client","runsign":"oltp_rw_longrun_cache20G_sam863_network","syncdelay":"600"}
2330	112	1147.00	16046.35	3440.59	155.19	74524ede-38dc-11e6-ad69-673ee6bd33ab	{"cachesize":20,"userthreads":112,"engine":"wt","storage":"sam863","workload":"RW","compression":"snappy","server":"blade3","network":"client","runsign":"oltp_rw_longrun_cache20G_sam863_network","syncdelay":"600"}
2340	112	1146.80	16061.66	3441.81	162.03	74524ede-38dc-11e6-ad69-673ee6bd33ab	{"cachesize":20,"userthreads":112,"engine":"wt","storage":"sam863","workload":"RW","compression":"snappy","server":"blade3","network":"client","runsign":"oltp_rw_longrun_cache20G_sam863_network","syncdelay":"600"}
2350	112	1158.00	16211.55	3472.69	151.61	74524ede-38dc-11e6-ad69-673ee6bd33ab	{"cachesize":20,"userthreads":112,"engine":"wt","storage":"sam863","workload":"RW","compression":"snappy","server":"blade3","network":"client","runsign":"oltp_rw_longrun_cache20G_sam863_network","syncdelay":"600"}
2360	112	1155.00	16176.34	3466.31	154.73	74524ede-38dc-11e6-ad69-673ee6bd33ab	{"cachesize":20,"userthreads":112,"engine":"wt","storage":"sam863","workload":"RW","compression":"snappy","server":"blade3","network":"client","runsign":"oltp_rw_longrun_cache20G_sam863_network","syncdelay":"600"}
2370	112	1173.30	16424.23	3518.89	151.20	74524ede-38dc-11e6-ad69-673ee6bd33ab	{"cachesize":20,"userthreads":112,"engine":"wt","storage":"sam863","workload":"RW","compression":"snappy","server":"blade3","network":"client","runsign":"oltp_rw_longrun_cache20G_sam863_network","syncdelay":"600"}
2380	112	1137.90	15928.87	3414.91	161.25	74524ede-38dc-11e6-ad69-673ee6bd33ab	{"cachesize":20,"userthreads":112,"engine":"wt","storage":"sam863","workload":"RW","compression":"snappy","server":"blade3","network":"client","runsign":"oltp_rw_longrun_cache20G_sam863_network","syncdelay":"600"}
2390	112	1171.10	16397.72	3512.90	155.70	74524ede-38dc-11e6-ad69-673ee6bd33ab	{"cachesize":20,"userthreads":112,"engine":"wt","storage":"sam863","workload":"RW","compression":"snappy","server":"blade3","network":"client","runsign":"oltp_rw_longrun_cache20G_sam863_network","syncdelay":"600"}
2400	112	1148.40	16080.00	3444.60	156.26	74524ede-38dc-11e6-ad69-673ee6bd33ab	{"cachesize":20,"userthreads":112,"engine":"wt","storage":"sam863","workload":"RW","compression":"snappy","server":"blade3","network":"client","runsign":"oltp_rw_longrun_cache20G_sam863_network","syncdelay":"600"}
2410	112	1175.10	16455.07	3525.29	154.31	74524ede-38dc-11e6-ad69-673ee6bd33ab	{"cachesize":20,"userthreads":112,"engine":"wt","storage":"sam863","workload":"RW","compression":"snappy","server":"blade3","network":"client","runsign":"oltp_rw_longrun_cache20G_sam863_network","syncdelay":"600"}
2420	112	1123.60	15719.74	3371.01	164.67	74524ede-38dc-11e6-ad69-673ee6bd33ab	{"cachesize":20,"userthreads":112,"engine":"wt","storage":"sam863","workload":"RW","compression":"snappy","server":"blade3","network":"client","runsign":"oltp_rw_longrun_cache20G_sam863_network","syncdelay":"600"}
2430	112	1179.70	16521.26	3538.49	152.06	74524ede-38dc-11e6-ad69-673ee6bd33ab	{"cachesize":20,"userthreads":112,"engine":"wt","storage":"sam863","workload":"RW","compression":"snappy","server":"blade3","network":"client","runsign":"oltp_rw_longrun_cache20G_sam863_network","syncdelay":"600"}
2440	112	1150.20	16092.63	3450.61	151.11	74524ede-38dc-11e6-ad69-673ee6bd33ab	{"cachesize":20,"userthreads":112,"engine":"wt","storage":"sam863","workload":"RW","compression":"snappy","server":"blade3","network":"client","runsign":"oltp_rw_longrun_cache20G_sam863_network","syncdelay":"600"}
2450	112	1190.60	16679.60	3571.20	150.48	74524ede-38dc-11e6-ad69-673ee6bd33ab	{"cachesize":20,"userthreads":112,"engine":"wt","storage":"sam863","workload":"RW","compression":"snappy","server":"blade3","network":"client","runsign":"oltp_rw_longrun_cache20G_sam863_network","syncdelay":"600"}
2460	112	1139.30	15953.10	3420.90	157.62	74524ede-38dc-11e6-ad69-673ee6bd33ab	{"cachesize":20,"userthreads":112,"engine":"wt","storage":"sam863","workload":"RW","compression":"snappy","server":"blade3","network":"client","runsign":"oltp_rw_longrun_cache20G_sam863_network","syncdelay":"600"}
2470	112	1180.30	16522.90	3538.50	151.38	74524ede-38dc-11e6-ad69-673ee6bd33ab	{"cachesize":20,"userthreads":112,"engine":"wt","storage":"sam863","workload":"RW","compression":"snappy","server":"blade3","network":"client","runsign":"oltp_rw_longrun_cache20G_sam863_network","syncdelay":"600"}
2480	112	1151.20	16114.00	3453.20	148.86	74524ede-38dc-11e6-ad69-673ee6bd33ab	{"cachesize":20,"userthreads":112,"engine":"wt","storage":"sam863","workload":"RW","compression":"snappy","server":"blade3","network":"client","runsign":"oltp_rw_longrun_cache20G_sam863_network","syncdelay":"600"}
2490	112	1167.20	16337.40	3502.00	151.70	74524ede-38dc-11e6-ad69-673ee6bd33ab	{"cachesize":20,"userthreads":112,"engine":"wt","storage":"sam863","workload":"RW","compression":"snappy","server":"blade3","network":"client","runsign":"oltp_rw_longrun_cache20G_sam863_network","syncdelay":"600"}
2500	112	951.90	13333.60	2857.50	194.95	74524ede-38dc-11e6-ad69-673ee6bd33ab	{"cachesize":20,"userthreads":112,"engine":"wt","storage":"sam863","workload":"RW","compression":"snappy","server":"blade3","network":"client","runsign":"oltp_rw_longrun_cache20G_sam863_network","syncdelay":"600"}
2510	112	985.10	13786.00	2954.10	176.93	74524ede-38dc-11e6-ad69-673ee6bd33ab	{"cachesize":20,"userthreads":112,"engine":"wt","storage":"sam863","workload":"RW","compression":"snappy","server":"blade3","network":"client","runsign":"oltp_rw_longrun_cache20G_sam863_network","syncdelay":"600"}
2520	112	1055.10	14771.58	3166.10	150.21	74524ede-38dc-11e6-ad69-673ee6bd33ab	{"cachesize":20,"userthreads":112,"engine":"wt","storage":"sam863","workload":"RW","compression":"snappy","server":"blade3","network":"client","runsign":"oltp_rw_longrun_cache20G_sam863_network","syncdelay":"600"}
2530	112	1188.00	16629.20	3561.80	145.91	74524ede-38dc-11e6-ad69-673ee6bd33ab	{"cachesize":20,"userthreads":112,"engine":"wt","storage":"sam863","workload":"RW","compression":"snappy","server":"blade3","network":"client","runsign":"oltp_rw_longrun_cache20G_sam863_network","syncdelay":"600"}
2540	112	1304.40	18260.21	3913.00	125.78	74524ede-38dc-11e6-ad69-673ee6bd33ab	{"cachesize":20,"userthreads":112,"engine":"wt","storage":"sam863","workload":"RW","compression":"snappy","server":"blade3","network":"client","runsign":"oltp_rw_longrun_cache20G_sam863_network","syncdelay":"600"}
2550	112	1271.90	17812.76	3818.69	133.10	74524ede-38dc-11e6-ad69-673ee6bd33ab	{"cachesize":20,"userthreads":112,"engine":"wt","storage":"sam863","workload":"RW","compression":"snappy","server":"blade3","network":"client","runsign":"oltp_rw_longrun_cache20G_sam863_network","syncdelay":"600"}
2560	112	1148.70	16074.84	3443.91	176.93	74524ede-38dc-11e6-ad69-673ee6bd33ab	{"cachesize":20,"userthreads":112,"engine":"wt","storage":"sam863","workload":"RW","compression":"snappy","server":"blade3","network":"client","runsign":"oltp_rw_longrun_cache20G_sam863_network","syncdelay":"600"}
2570	112	1119.20	15672.30	3358.60	189.09	74524ede-38dc-11e6-ad69-673ee6bd33ab	{"cachesize":20,"userthreads":112,"engine":"wt","storage":"sam863","workload":"RW","compression":"snappy","server":"blade3","network":"client","runsign":"oltp_rw_longrun_cache20G_sam863_network","syncdelay":"600"}
2580	112	1115.60	15628.20	3346.60	177.41	74524ede-38dc-11e6-ad69-673ee6bd33ab	{"cachesize":20,"userthreads":112,"engine":"wt","storage":"sam863","workload":"RW","compression":"snappy","server":"blade3","network":"client","runsign":"oltp_rw_longrun_cache20G_sam863_network","syncdelay":"600"}
2590	112	1131.90	15829.80	3394.30	168.76	74524ede-38dc-11e6-ad69-673ee6bd33ab	{"cachesize":20,"userthreads":112,"engine":"wt","storage":"sam863","workload":"RW","compression":"snappy","server":"blade3","network":"client","runsign":"oltp_rw_longrun_cache20G_sam863_network","syncdelay":"600"}
2600	112	1083.50	15179.42	3251.50	181.44	74524ede-38dc-11e6-ad69-673ee6bd33ab	{"cachesize":20,"userthreads":112,"engine":"wt","storage":"sam863","workload":"RW","compression":"snappy","server":"blade3","network":"client","runsign":"oltp_rw_longrun_cache20G_sam863_network","syncdelay":"600"}
2610	112	1098.80	15385.49	3297.80	188.02	74524ede-38dc-11e6-ad69-673ee6bd33ab	{"cachesize":20,"userthreads":112,"engine":"wt","storage":"sam863","workload":"RW","compression":"snappy","server":"blade3","network":"client","runsign":"oltp_rw_longrun_cache20G_sam863_network","syncdelay":"600"}
2620	112	1112.20	15571.10	3337.40	166.45	74524ede-38dc-11e6-ad69-673ee6bd33ab	{"cachesize":20,"userthreads":112,"engine":"wt","storage":"sam863","workload":"RW","compression":"snappy","server":"blade3","network":"client","runsign":"oltp_rw_longrun_cache20G_sam863_network","syncdelay":"600"}
2630	112	1055.80	14782.20	3165.20	162.46	74524ede-38dc-11e6-ad69-673ee6bd33ab	{"cachesize":20,"userthreads":112,"engine":"wt","storage":"sam863","workload":"RW","compression":"snappy","server":"blade3","network":"client","runsign":"oltp_rw_longrun_cache20G_sam863_network","syncdelay":"600"}
2640	112	1123.90	15726.09	3370.90	160.00	74524ede-38dc-11e6-ad69-673ee6bd33ab	{"cachesize":20,"userthreads":112,"engine":"wt","storage":"sam863","workload":"RW","compression":"snappy","server":"blade3","network":"client","runsign":"oltp_rw_longrun_cache20G_sam863_network","syncdelay":"600"}
2650	112	1187.00	16627.31	3562.80	143.74	74524ede-38dc-11e6-ad69-673ee6bd33ab	{"cachesize":20,"userthreads":112,"engine":"wt","storage":"sam863","workload":"RW","compression":"snappy","server":"blade3","network":"client","runsign":"oltp_rw_longrun_cache20G_sam863_network","syncdelay":"600"}
2660	112	1177.40	16480.42	3530.60	147.00	74524ede-38dc-11e6-ad69-673ee6bd33ab	{"cachesize":20,"userthreads":112,"engine":"wt","storage":"sam863","workload":"RW","compression":"snappy","server":"blade3","network":"client","runsign":"oltp_rw_longrun_cache20G_sam863_network","syncdelay":"600"}
2670	112	1181.60	16543.38	3547.60	148.42	74524ede-38dc-11e6-ad69-673ee6bd33ab	{"cachesize":20,"userthreads":112,"engine":"wt","storage":"sam863","workload":"RW","compression":"snappy","server":"blade3","network":"client","runsign":"oltp_rw_longrun_cache20G_sam863_network","syncdelay":"600"}
2680	112	1187.30	16621.22	3560.30	157.67	74524ede-38dc-11e6-ad69-673ee6bd33ab	{"cachesize":20,"userthreads":112,"engine":"wt","storage":"sam863","workload":"RW","compression":"snappy","server":"blade3","network":"client","runsign":"oltp_rw_longrun_cache20G_sam863_network","syncdelay":"600"}
2690	112	1166.00	16319.48	3497.80	150.25	74524ede-38dc-11e6-ad69-673ee6bd33ab	{"cachesize":20,"userthreads":112,"engine":"wt","storage":"sam863","workload":"RW","compression":"snappy","server":"blade3","network":"client","runsign":"oltp_rw_longrun_cache20G_sam863_network","syncdelay":"600"}
2700	112	1167.10	16340.20	3499.90	155.42	74524ede-38dc-11e6-ad69-673ee6bd33ab	{"cachesize":20,"userthreads":112,"engine":"wt","storage":"sam863","workload":"RW","compression":"snappy","server":"blade3","network":"client","runsign":"oltp_rw_longrun_cache20G_sam863_network","syncdelay":"600"}
