10	112	6208.25	87022.64	18628.46	26.56	ce2e6f8e-3763-11e6-9329-0322e34d7eeb	{"cachesize":200,"userthreads":112,"engine":"wt","storage":"sam850","workload":"RW","compression":"snappy","server":"blade3","network":"client","runsign":"oltp_rw_longwrite_sam850_network"}
20	112	6319.50	88458.84	18957.41	26.24	ce2e6f8e-3763-11e6-9329-0322e34d7eeb	{"cachesize":200,"userthreads":112,"engine":"wt","storage":"sam850","workload":"RW","compression":"snappy","server":"blade3","network":"client","runsign":"oltp_rw_longwrite_sam850_network"}
30	112	6356.20	88986.08	19068.60	26.10	ce2e6f8e-3763-11e6-9329-0322e34d7eeb	{"cachesize":200,"userthreads":112,"engine":"wt","storage":"sam850","workload":"RW","compression":"snappy","server":"blade3","network":"client","runsign":"oltp_rw_longwrite_sam850_network"}
40	112	6373.90	89242.43	19120.71	26.18	ce2e6f8e-3763-11e6-9329-0322e34d7eeb	{"cachesize":200,"userthreads":112,"engine":"wt","storage":"sam850","workload":"RW","compression":"snappy","server":"blade3","network":"client","runsign":"oltp_rw_longwrite_sam850_network"}
50	112	6392.00	89483.59	19175.80	26.08	ce2e6f8e-3763-11e6-9329-0322e34d7eeb	{"cachesize":200,"userthreads":112,"engine":"wt","storage":"sam850","workload":"RW","compression":"snappy","server":"blade3","network":"client","runsign":"oltp_rw_longwrite_sam850_network"}
60	112	4883.90	68373.40	14652.30	26.57	ce2e6f8e-3763-11e6-9329-0322e34d7eeb	{"cachesize":200,"userthreads":112,"engine":"wt","storage":"sam850","workload":"RW","compression":"snappy","server":"blade3","network":"client","runsign":"oltp_rw_longwrite_sam850_network"}
70	112	4380.30	61336.60	13143.70	26.33	ce2e6f8e-3763-11e6-9329-0322e34d7eeb	{"cachesize":200,"userthreads":112,"engine":"wt","storage":"sam850","workload":"RW","compression":"snappy","server":"blade3","network":"client","runsign":"oltp_rw_longwrite_sam850_network"}
80	112	4282.90	59955.71	12846.50	26.43	ce2e6f8e-3763-11e6-9329-0322e34d7eeb	{"cachesize":200,"userthreads":112,"engine":"wt","storage":"sam850","workload":"RW","compression":"snappy","server":"blade3","network":"client","runsign":"oltp_rw_longwrite_sam850_network"}
90	112	4228.30	59195.68	12685.80	26.51	ce2e6f8e-3763-11e6-9329-0322e34d7eeb	{"cachesize":200,"userthreads":112,"engine":"wt","storage":"sam850","workload":"RW","compression":"snappy","server":"blade3","network":"client","runsign":"oltp_rw_longwrite_sam850_network"}
100	112	4203.00	58839.01	12608.50	26.54	ce2e6f8e-3763-11e6-9329-0322e34d7eeb	{"cachesize":200,"userthreads":112,"engine":"wt","storage":"sam850","workload":"RW","compression":"snappy","server":"blade3","network":"client","runsign":"oltp_rw_longwrite_sam850_network"}
110	112	4174.30	58442.80	12522.00	26.72	ce2e6f8e-3763-11e6-9329-0322e34d7eeb	{"cachesize":200,"userthreads":112,"engine":"wt","storage":"sam850","workload":"RW","compression":"snappy","server":"blade3","network":"client","runsign":"oltp_rw_longwrite_sam850_network"}
120	112	4123.90	57733.10	12373.20	26.71	ce2e6f8e-3763-11e6-9329-0322e34d7eeb	{"cachesize":200,"userthreads":112,"engine":"wt","storage":"sam850","workload":"RW","compression":"snappy","server":"blade3","network":"client","runsign":"oltp_rw_longwrite_sam850_network"}
130	112	3989.48	55909.46	11986.85	26.40	ce2e6f8e-3763-11e6-9329-0322e34d7eeb	{"cachesize":200,"userthreads":112,"engine":"wt","storage":"sam850","workload":"RW","compression":"snappy","server":"blade3","network":"client","runsign":"oltp_rw_longwrite_sam850_network"}
140	112	4025.52	56295.24	12056.35	27.91	ce2e6f8e-3763-11e6-9329-0322e34d7eeb	{"cachesize":200,"userthreads":112,"engine":"wt","storage":"sam850","workload":"RW","compression":"snappy","server":"blade3","network":"client","runsign":"oltp_rw_longwrite_sam850_network"}
150	112	3872.50	54217.90	11618.50	28.12	ce2e6f8e-3763-11e6-9329-0322e34d7eeb	{"cachesize":200,"userthreads":112,"engine":"wt","storage":"sam850","workload":"RW","compression":"snappy","server":"blade3","network":"client","runsign":"oltp_rw_longwrite_sam850_network"}
160	112	4670.20	65386.49	14010.60	26.90	ce2e6f8e-3763-11e6-9329-0322e34d7eeb	{"cachesize":200,"userthreads":112,"engine":"wt","storage":"sam850","workload":"RW","compression":"snappy","server":"blade3","network":"client","runsign":"oltp_rw_longwrite_sam850_network"}
170	112	6392.30	89492.52	19177.30	26.30	ce2e6f8e-3763-11e6-9329-0322e34d7eeb	{"cachesize":200,"userthreads":112,"engine":"wt","storage":"sam850","workload":"RW","compression":"snappy","server":"blade3","network":"client","runsign":"oltp_rw_longwrite_sam850_network"}
180	112	5874.28	82246.72	17622.04	32.03	ce2e6f8e-3763-11e6-9329-0322e34d7eeb	{"cachesize":200,"userthreads":112,"engine":"wt","storage":"sam850","workload":"RW","compression":"snappy","server":"blade3","network":"client","runsign":"oltp_rw_longwrite_sam850_network"}
190	112	2167.31	30391.28	6521.94	32.85	ce2e6f8e-3763-11e6-9329-0322e34d7eeb	{"cachesize":200,"userthreads":112,"engine":"wt","storage":"sam850","workload":"RW","compression":"snappy","server":"blade3","network":"client","runsign":"oltp_rw_longwrite_sam850_network"}
200	112	0.00	0.00	0.00	0.00	ce2e6f8e-3763-11e6-9329-0322e34d7eeb	{"cachesize":200,"userthreads":112,"engine":"wt","storage":"sam850","workload":"RW","compression":"snappy","server":"blade3","network":"client","runsign":"oltp_rw_longwrite_sam850_network"}
210	112	6214.82	86954.70	18623.16	26.44	ce2e6f8e-3763-11e6-9329-0322e34d7eeb	{"cachesize":200,"userthreads":112,"engine":"wt","storage":"sam850","workload":"RW","compression":"snappy","server":"blade3","network":"client","runsign":"oltp_rw_longwrite_sam850_network"}
220	112	6390.60	89454.20	19172.50	26.28	ce2e6f8e-3763-11e6-9329-0322e34d7eeb	{"cachesize":200,"userthreads":112,"engine":"wt","storage":"sam850","workload":"RW","compression":"snappy","server":"blade3","network":"client","runsign":"oltp_rw_longwrite_sam850_network"}
230	112	6375.70	89268.70	19127.10	26.35	ce2e6f8e-3763-11e6-9329-0322e34d7eeb	{"cachesize":200,"userthreads":112,"engine":"wt","storage":"sam850","workload":"RW","compression":"snappy","server":"blade3","network":"client","runsign":"oltp_rw_longwrite_sam850_network"}
240	112	1940.69	27227.79	5842.68	26.70	ce2e6f8e-3763-11e6-9329-0322e34d7eeb	{"cachesize":200,"userthreads":112,"engine":"wt","storage":"sam850","workload":"RW","compression":"snappy","server":"blade3","network":"client","runsign":"oltp_rw_longwrite_sam850_network"}
250	112	0.00	0.00	0.00	0.00	ce2e6f8e-3763-11e6-9329-0322e34d7eeb	{"cachesize":200,"userthreads":112,"engine":"wt","storage":"sam850","workload":"RW","compression":"snappy","server":"blade3","network":"client","runsign":"oltp_rw_longwrite_sam850_network"}
260	112	4817.80	67403.56	14434.39	26.47	ce2e6f8e-3763-11e6-9329-0322e34d7eeb	{"cachesize":200,"userthreads":112,"engine":"wt","storage":"sam850","workload":"RW","compression":"snappy","server":"blade3","network":"client","runsign":"oltp_rw_longwrite_sam850_network"}
270	112	6360.52	89038.11	19082.35	26.28	ce2e6f8e-3763-11e6-9329-0322e34d7eeb	{"cachesize":200,"userthreads":112,"engine":"wt","storage":"sam850","workload":"RW","compression":"snappy","server":"blade3","network":"client","runsign":"oltp_rw_longwrite_sam850_network"}
280	112	6356.00	88976.49	19066.00	26.36	ce2e6f8e-3763-11e6-9329-0322e34d7eeb	{"cachesize":200,"userthreads":112,"engine":"wt","storage":"sam850","workload":"RW","compression":"snappy","server":"blade3","network":"client","runsign":"oltp_rw_longwrite_sam850_network"}
290	112	6345.60	88840.71	19037.40	26.51	ce2e6f8e-3763-11e6-9329-0322e34d7eeb	{"cachesize":200,"userthreads":112,"engine":"wt","storage":"sam850","workload":"RW","compression":"snappy","server":"blade3","network":"client","runsign":"oltp_rw_longwrite_sam850_network"}
300	112	813.40	11447.45	2459.79	27.73	ce2e6f8e-3763-11e6-9329-0322e34d7eeb	{"cachesize":200,"userthreads":112,"engine":"wt","storage":"sam850","workload":"RW","compression":"snappy","server":"blade3","network":"client","runsign":"oltp_rw_longwrite_sam850_network"}
310	112	0.00	0.00	0.00	0.00	ce2e6f8e-3763-11e6-9329-0322e34d7eeb	{"cachesize":200,"userthreads":112,"engine":"wt","storage":"sam850","workload":"RW","compression":"snappy","server":"blade3","network":"client","runsign":"oltp_rw_longwrite_sam850_network"}
320	112	3668.89	51306.04	10987.07	26.70	ce2e6f8e-3763-11e6-9329-0322e34d7eeb	{"cachesize":200,"userthreads":112,"engine":"wt","storage":"sam850","workload":"RW","compression":"snappy","server":"blade3","network":"client","runsign":"oltp_rw_longwrite_sam850_network"}
330	112	6385.80	89407.12	19156.80	26.38	ce2e6f8e-3763-11e6-9329-0322e34d7eeb	{"cachesize":200,"userthreads":112,"engine":"wt","storage":"sam850","workload":"RW","compression":"snappy","server":"blade3","network":"client","runsign":"oltp_rw_longwrite_sam850_network"}
340	112	6371.10	89188.69	19112.70	26.42	ce2e6f8e-3763-11e6-9329-0322e34d7eeb	{"cachesize":200,"userthreads":112,"engine":"wt","storage":"sam850","workload":"RW","compression":"snappy","server":"blade3","network":"client","runsign":"oltp_rw_longwrite_sam850_network"}
350	112	6361.80	89066.79	19085.40	26.46	ce2e6f8e-3763-11e6-9329-0322e34d7eeb	{"cachesize":200,"userthreads":112,"engine":"wt","storage":"sam850","workload":"RW","compression":"snappy","server":"blade3","network":"client","runsign":"oltp_rw_longwrite_sam850_network"}
360	112	5311.68	74421.16	15955.85	32.60	ce2e6f8e-3763-11e6-9329-0322e34d7eeb	{"cachesize":200,"userthreads":112,"engine":"wt","storage":"sam850","workload":"RW","compression":"snappy","server":"blade3","network":"client","runsign":"oltp_rw_longwrite_sam850_network"}
370	112	0.00	0.00	0.00	0.00	ce2e6f8e-3763-11e6-9329-0322e34d7eeb	{"cachesize":200,"userthreads":112,"engine":"wt","storage":"sam850","workload":"RW","compression":"snappy","server":"blade3","network":"client","runsign":"oltp_rw_longwrite_sam850_network"}
380	112	0.00	0.00	0.00	0.00	ce2e6f8e-3763-11e6-9329-0322e34d7eeb	{"cachesize":200,"userthreads":112,"engine":"wt","storage":"sam850","workload":"RW","compression":"snappy","server":"blade3","network":"client","runsign":"oltp_rw_longwrite_sam850_network"}
390	112	3777.01	52834.30	11312.24	26.40	ce2e6f8e-3763-11e6-9329-0322e34d7eeb	{"cachesize":200,"userthreads":112,"engine":"wt","storage":"sam850","workload":"RW","compression":"snappy","server":"blade3","network":"client","runsign":"oltp_rw_longwrite_sam850_network"}
400	112	6353.50	88933.91	19060.50	26.32	ce2e6f8e-3763-11e6-9329-0322e34d7eeb	{"cachesize":200,"userthreads":112,"engine":"wt","storage":"sam850","workload":"RW","compression":"snappy","server":"blade3","network":"client","runsign":"oltp_rw_longwrite_sam850_network"}
410	112	5237.40	73325.47	15712.99	37.06	ce2e6f8e-3763-11e6-9329-0322e34d7eeb	{"cachesize":200,"userthreads":112,"engine":"wt","storage":"sam850","workload":"RW","compression":"snappy","server":"blade3","network":"client","runsign":"oltp_rw_longwrite_sam850_network"}
420	112	5900.00	82606.51	17700.20	30.03	ce2e6f8e-3763-11e6-9329-0322e34d7eeb	{"cachesize":200,"userthreads":112,"engine":"wt","storage":"sam850","workload":"RW","compression":"snappy","server":"blade3","network":"client","runsign":"oltp_rw_longwrite_sam850_network"}
430	112	3335.90	46712.11	10009.70	195.18	ce2e6f8e-3763-11e6-9329-0322e34d7eeb	{"cachesize":200,"userthreads":112,"engine":"wt","storage":"sam850","workload":"RW","compression":"snappy","server":"blade3","network":"client","runsign":"oltp_rw_longwrite_sam850_network"}
440	112	1488.50	20873.00	4479.70	276.71	ce2e6f8e-3763-11e6-9329-0322e34d7eeb	{"cachesize":200,"userthreads":112,"engine":"wt","storage":"sam850","workload":"RW","compression":"snappy","server":"blade3","network":"client","runsign":"oltp_rw_longwrite_sam850_network"}
450	112	4.30	67.30	14.50	234.35	ce2e6f8e-3763-11e6-9329-0322e34d7eeb	{"cachesize":200,"userthreads":112,"engine":"wt","storage":"sam850","workload":"RW","compression":"snappy","server":"blade3","network":"client","runsign":"oltp_rw_longwrite_sam850_network"}
460	112	3065.30	42859.15	9175.51	26.65	ce2e6f8e-3763-11e6-9329-0322e34d7eeb	{"cachesize":200,"userthreads":112,"engine":"wt","storage":"sam850","workload":"RW","compression":"snappy","server":"blade3","network":"client","runsign":"oltp_rw_longwrite_sam850_network"}
470	112	6354.60	88960.70	19063.00	26.51	ce2e6f8e-3763-11e6-9329-0322e34d7eeb	{"cachesize":200,"userthreads":112,"engine":"wt","storage":"sam850","workload":"RW","compression":"snappy","server":"blade3","network":"client","runsign":"oltp_rw_longwrite_sam850_network"}
480	112	5095.50	71343.91	15287.50	37.21	ce2e6f8e-3763-11e6-9329-0322e34d7eeb	{"cachesize":200,"userthreads":112,"engine":"wt","storage":"sam850","workload":"RW","compression":"snappy","server":"blade3","network":"client","runsign":"oltp_rw_longwrite_sam850_network"}
490	112	4526.70	63364.50	13579.50	40.51	ce2e6f8e-3763-11e6-9329-0322e34d7eeb	{"cachesize":200,"userthreads":112,"engine":"wt","storage":"sam850","workload":"RW","compression":"snappy","server":"blade3","network":"client","runsign":"oltp_rw_longwrite_sam850_network"}
500	112	2048.39	28738.23	6165.76	389.01	ce2e6f8e-3763-11e6-9329-0322e34d7eeb	{"cachesize":200,"userthreads":112,"engine":"wt","storage":"sam850","workload":"RW","compression":"snappy","server":"blade3","network":"client","runsign":"oltp_rw_longwrite_sam850_network"}
510	112	1174.00	16434.61	3521.40	438.50	ce2e6f8e-3763-11e6-9329-0322e34d7eeb	{"cachesize":200,"userthreads":112,"engine":"wt","storage":"sam850","workload":"RW","compression":"snappy","server":"blade3","network":"client","runsign":"oltp_rw_longwrite_sam850_network"}
520	112	966.00	13525.80	2898.80	496.05	ce2e6f8e-3763-11e6-9329-0322e34d7eeb	{"cachesize":200,"userthreads":112,"engine":"wt","storage":"sam850","workload":"RW","compression":"snappy","server":"blade3","network":"client","runsign":"oltp_rw_longwrite_sam850_network"}
530	112	491.00	6810.23	1452.61	49.71	ce2e6f8e-3763-11e6-9329-0322e34d7eeb	{"cachesize":200,"userthreads":112,"engine":"wt","storage":"sam850","workload":"RW","compression":"snappy","server":"blade3","network":"client","runsign":"oltp_rw_longwrite_sam850_network"}
540	112	4319.60	60472.28	12957.60	44.00	ce2e6f8e-3763-11e6-9329-0322e34d7eeb	{"cachesize":200,"userthreads":112,"engine":"wt","storage":"sam850","workload":"RW","compression":"snappy","server":"blade3","network":"client","runsign":"oltp_rw_longwrite_sam850_network"}
550	112	4200.50	58817.02	12603.80	47.10	ce2e6f8e-3763-11e6-9329-0322e34d7eeb	{"cachesize":200,"userthreads":112,"engine":"wt","storage":"sam850","workload":"RW","compression":"snappy","server":"blade3","network":"client","runsign":"oltp_rw_longwrite_sam850_network"}
560	112	4071.30	56996.40	12214.60	47.53	ce2e6f8e-3763-11e6-9329-0322e34d7eeb	{"cachesize":200,"userthreads":112,"engine":"wt","storage":"sam850","workload":"RW","compression":"snappy","server":"blade3","network":"client","runsign":"oltp_rw_longwrite_sam850_network"}
570	112	1878.99	26361.48	5655.17	377.54	ce2e6f8e-3763-11e6-9329-0322e34d7eeb	{"cachesize":200,"userthreads":112,"engine":"wt","storage":"sam850","workload":"RW","compression":"snappy","server":"blade3","network":"client","runsign":"oltp_rw_longwrite_sam850_network"}
580	112	846.80	11854.30	2539.80	441.92	ce2e6f8e-3763-11e6-9329-0322e34d7eeb	{"cachesize":200,"userthreads":112,"engine":"wt","storage":"sam850","workload":"RW","compression":"snappy","server":"blade3","network":"client","runsign":"oltp_rw_longwrite_sam850_network"}
590	112	1429.81	19969.90	4272.62	459.32	ce2e6f8e-3763-11e6-9329-0322e34d7eeb	{"cachesize":200,"userthreads":112,"engine":"wt","storage":"sam850","workload":"RW","compression":"snappy","server":"blade3","network":"client","runsign":"oltp_rw_longwrite_sam850_network"}
600	112	1472.59	20666.72	4435.58	526.66	ce2e6f8e-3763-11e6-9329-0322e34d7eeb	{"cachesize":200,"userthreads":112,"engine":"wt","storage":"sam850","workload":"RW","compression":"snappy","server":"blade3","network":"client","runsign":"oltp_rw_longwrite_sam850_network"}
610	112	656.00	9126.64	1948.01	51.79	ce2e6f8e-3763-11e6-9329-0322e34d7eeb	{"cachesize":200,"userthreads":112,"engine":"wt","storage":"sam850","workload":"RW","compression":"snappy","server":"blade3","network":"client","runsign":"oltp_rw_longwrite_sam850_network"}
620	112	4296.20	60139.90	12888.20	43.41	ce2e6f8e-3763-11e6-9329-0322e34d7eeb	{"cachesize":200,"userthreads":112,"engine":"wt","storage":"sam850","workload":"RW","compression":"snappy","server":"blade3","network":"client","runsign":"oltp_rw_longwrite_sam850_network"}
630	112	4297.80	60171.80	12893.00	44.49	ce2e6f8e-3763-11e6-9329-0322e34d7eeb	{"cachesize":200,"userthreads":112,"engine":"wt","storage":"sam850","workload":"RW","compression":"snappy","server":"blade3","network":"client","runsign":"oltp_rw_longwrite_sam850_network"}
640	112	4154.80	58181.10	12467.20	46.98	ce2e6f8e-3763-11e6-9329-0322e34d7eeb	{"cachesize":200,"userthreads":112,"engine":"wt","storage":"sam850","workload":"RW","compression":"snappy","server":"blade3","network":"client","runsign":"oltp_rw_longwrite_sam850_network"}
650	112	1312.19	18407.92	3951.78	408.22	ce2e6f8e-3763-11e6-9329-0322e34d7eeb	{"cachesize":200,"userthreads":112,"engine":"wt","storage":"sam850","workload":"RW","compression":"snappy","server":"blade3","network":"client","runsign":"oltp_rw_longwrite_sam850_network"}
660	112	869.90	12184.60	2610.90	439.29	ce2e6f8e-3763-11e6-9329-0322e34d7eeb	{"cachesize":200,"userthreads":112,"engine":"wt","storage":"sam850","workload":"RW","compression":"snappy","server":"blade3","network":"client","runsign":"oltp_rw_longwrite_sam850_network"}
670	112	1876.21	26214.89	5610.22	346.67	ce2e6f8e-3763-11e6-9329-0322e34d7eeb	{"cachesize":200,"userthreads":112,"engine":"wt","storage":"sam850","workload":"RW","compression":"snappy","server":"blade3","network":"client","runsign":"oltp_rw_longwrite_sam850_network"}
680	112	1265.59	17771.33	3815.18	534.28	ce2e6f8e-3763-11e6-9329-0322e34d7eeb	{"cachesize":200,"userthreads":112,"engine":"wt","storage":"sam850","workload":"RW","compression":"snappy","server":"blade3","network":"client","runsign":"oltp_rw_longwrite_sam850_network"}
690	112	141.00	1944.31	411.00	6169.75	ce2e6f8e-3763-11e6-9329-0322e34d7eeb	{"cachesize":200,"userthreads":112,"engine":"wt","storage":"sam850","workload":"RW","compression":"snappy","server":"blade3","network":"client","runsign":"oltp_rw_longwrite_sam850_network"}
700	112	3803.31	53221.17	11403.72	56.05	ce2e6f8e-3763-11e6-9329-0322e34d7eeb	{"cachesize":200,"userthreads":112,"engine":"wt","storage":"sam850","workload":"RW","compression":"snappy","server":"blade3","network":"client","runsign":"oltp_rw_longwrite_sam850_network"}
710	112	3713.60	51998.67	11141.79	52.03	ce2e6f8e-3763-11e6-9329-0322e34d7eeb	{"cachesize":200,"userthreads":112,"engine":"wt","storage":"sam850","workload":"RW","compression":"snappy","server":"blade3","network":"client","runsign":"oltp_rw_longwrite_sam850_network"}
720	112	3444.80	48222.32	10334.80	53.83	ce2e6f8e-3763-11e6-9329-0322e34d7eeb	{"cachesize":200,"userthreads":112,"engine":"wt","storage":"sam850","workload":"RW","compression":"snappy","server":"blade3","network":"client","runsign":"oltp_rw_longwrite_sam850_network"}
730	112	3404.10	47662.69	10212.30	53.98	ce2e6f8e-3763-11e6-9329-0322e34d7eeb	{"cachesize":200,"userthreads":112,"engine":"wt","storage":"sam850","workload":"RW","compression":"snappy","server":"blade3","network":"client","runsign":"oltp_rw_longwrite_sam850_network"}
740	112	1677.00	23519.85	5047.39	439.15	ce2e6f8e-3763-11e6-9329-0322e34d7eeb	{"cachesize":200,"userthreads":112,"engine":"wt","storage":"sam850","workload":"RW","compression":"snappy","server":"blade3","network":"client","runsign":"oltp_rw_longwrite_sam850_network"}
750	112	753.90	10560.91	2262.90	545.59	ce2e6f8e-3763-11e6-9329-0322e34d7eeb	{"cachesize":200,"userthreads":112,"engine":"wt","storage":"sam850","workload":"RW","compression":"snappy","server":"blade3","network":"client","runsign":"oltp_rw_longwrite_sam850_network"}
760	112	749.20	10442.32	2229.60	555.15	ce2e6f8e-3763-11e6-9329-0322e34d7eeb	{"cachesize":200,"userthreads":112,"engine":"wt","storage":"sam850","workload":"RW","compression":"snappy","server":"blade3","network":"client","runsign":"oltp_rw_longwrite_sam850_network"}
770	112	2376.80	33270.59	7130.20	59.96	ce2e6f8e-3763-11e6-9329-0322e34d7eeb	{"cachesize":200,"userthreads":112,"engine":"wt","storage":"sam850","workload":"RW","compression":"snappy","server":"blade3","network":"client","runsign":"oltp_rw_longwrite_sam850_network"}
780	112	5131.50	71834.80	15392.70	35.26	ce2e6f8e-3763-11e6-9329-0322e34d7eeb	{"cachesize":200,"userthreads":112,"engine":"wt","storage":"sam850","workload":"RW","compression":"snappy","server":"blade3","network":"client","runsign":"oltp_rw_longwrite_sam850_network"}
790	112	5181.50	72533.39	15544.70	34.53	ce2e6f8e-3763-11e6-9329-0322e34d7eeb	{"cachesize":200,"userthreads":112,"engine":"wt","storage":"sam850","workload":"RW","compression":"snappy","server":"blade3","network":"client","runsign":"oltp_rw_longwrite_sam850_network"}
800	112	2091.59	29344.97	6294.37	485.62	ce2e6f8e-3763-11e6-9329-0322e34d7eeb	{"cachesize":200,"userthreads":112,"engine":"wt","storage":"sam850","workload":"RW","compression":"snappy","server":"blade3","network":"client","runsign":"oltp_rw_longwrite_sam850_network"}
810	112	933.90	13075.00	2801.70	477.26	ce2e6f8e-3763-11e6-9329-0322e34d7eeb	{"cachesize":200,"userthreads":112,"engine":"wt","storage":"sam850","workload":"RW","compression":"snappy","server":"blade3","network":"client","runsign":"oltp_rw_longwrite_sam850_network"}
820	112	2091.61	29229.82	6256.33	424.93	ce2e6f8e-3763-11e6-9329-0322e34d7eeb	{"cachesize":200,"userthreads":112,"engine":"wt","storage":"sam850","workload":"RW","compression":"snappy","server":"blade3","network":"client","runsign":"oltp_rw_longwrite_sam850_network"}
830	112	1484.70	20836.67	4471.99	557.14	ce2e6f8e-3763-11e6-9329-0322e34d7eeb	{"cachesize":200,"userthreads":112,"engine":"wt","storage":"sam850","workload":"RW","compression":"snappy","server":"blade3","network":"client","runsign":"oltp_rw_longwrite_sam850_network"}
840	112	2630.00	36813.20	7884.80	53.03	ce2e6f8e-3763-11e6-9329-0322e34d7eeb	{"cachesize":200,"userthreads":112,"engine":"wt","storage":"sam850","workload":"RW","compression":"snappy","server":"blade3","network":"client","runsign":"oltp_rw_longwrite_sam850_network"}
850	112	2049.50	28650.64	6135.31	306.17	ce2e6f8e-3763-11e6-9329-0322e34d7eeb	{"cachesize":200,"userthreads":112,"engine":"wt","storage":"sam850","workload":"RW","compression":"snappy","server":"blade3","network":"client","runsign":"oltp_rw_longwrite_sam850_network"}
860	112	4975.20	69659.02	14925.60	37.85	ce2e6f8e-3763-11e6-9329-0322e34d7eeb	{"cachesize":200,"userthreads":112,"engine":"wt","storage":"sam850","workload":"RW","compression":"snappy","server":"blade3","network":"client","runsign":"oltp_rw_longwrite_sam850_network"}
870	112	5111.30	71550.80	15335.70	36.01	ce2e6f8e-3763-11e6-9329-0322e34d7eeb	{"cachesize":200,"userthreads":112,"engine":"wt","storage":"sam850","workload":"RW","compression":"snappy","server":"blade3","network":"client","runsign":"oltp_rw_longwrite_sam850_network"}
880	112	3142.59	44047.02	9444.38	38.11	ce2e6f8e-3763-11e6-9329-0322e34d7eeb	{"cachesize":200,"userthreads":112,"engine":"wt","storage":"sam850","workload":"RW","compression":"snappy","server":"blade3","network":"client","runsign":"oltp_rw_longwrite_sam850_network"}
890	112	660.50	9247.18	1981.10	753.15	ce2e6f8e-3763-11e6-9329-0322e34d7eeb	{"cachesize":200,"userthreads":112,"engine":"wt","storage":"sam850","workload":"RW","compression":"snappy","server":"blade3","network":"client","runsign":"oltp_rw_longwrite_sam850_network"}
900	112	485.10	6786.70	1454.30	1194.57	ce2e6f8e-3763-11e6-9329-0322e34d7eeb	{"cachesize":200,"userthreads":112,"engine":"wt","storage":"sam850","workload":"RW","compression":"snappy","server":"blade3","network":"client","runsign":"oltp_rw_longwrite_sam850_network"}
910	112	2563.50	35890.62	7691.30	37.48	ce2e6f8e-3763-11e6-9329-0322e34d7eeb	{"cachesize":200,"userthreads":112,"engine":"wt","storage":"sam850","workload":"RW","compression":"snappy","server":"blade3","network":"client","runsign":"oltp_rw_longwrite_sam850_network"}
920	112	350.30	4911.90	1053.10	1036.24	ce2e6f8e-3763-11e6-9329-0322e34d7eeb	{"cachesize":200,"userthreads":112,"engine":"wt","storage":"sam850","workload":"RW","compression":"snappy","server":"blade3","network":"client","runsign":"oltp_rw_longwrite_sam850_network"}
930	112	2062.90	28874.09	6186.30	39.51	ce2e6f8e-3763-11e6-9329-0322e34d7eeb	{"cachesize":200,"userthreads":112,"engine":"wt","storage":"sam850","workload":"RW","compression":"snappy","server":"blade3","network":"client","runsign":"oltp_rw_longwrite_sam850_network"}
940	112	3567.62	49890.82	10684.25	41.49	ce2e6f8e-3763-11e6-9329-0322e34d7eeb	{"cachesize":200,"userthreads":112,"engine":"wt","storage":"sam850","workload":"RW","compression":"snappy","server":"blade3","network":"client","runsign":"oltp_rw_longwrite_sam850_network"}
950	112	5206.70	72893.41	15621.10	34.94	ce2e6f8e-3763-11e6-9329-0322e34d7eeb	{"cachesize":200,"userthreads":112,"engine":"wt","storage":"sam850","workload":"RW","compression":"snappy","server":"blade3","network":"client","runsign":"oltp_rw_longwrite_sam850_network"}
960	112	4258.80	59627.59	12778.60	38.29	ce2e6f8e-3763-11e6-9329-0322e34d7eeb	{"cachesize":200,"userthreads":112,"engine":"wt","storage":"sam850","workload":"RW","compression":"snappy","server":"blade3","network":"client","runsign":"oltp_rw_longwrite_sam850_network"}
970	112	1164.80	16354.35	3509.99	669.56	ce2e6f8e-3763-11e6-9329-0322e34d7eeb	{"cachesize":200,"userthreads":112,"engine":"wt","storage":"sam850","workload":"RW","compression":"snappy","server":"blade3","network":"client","runsign":"oltp_rw_longwrite_sam850_network"}
980	112	504.40	7067.58	1513.80	1041.53	ce2e6f8e-3763-11e6-9329-0322e34d7eeb	{"cachesize":200,"userthreads":112,"engine":"wt","storage":"sam850","workload":"RW","compression":"snappy","server":"blade3","network":"client","runsign":"oltp_rw_longwrite_sam850_network"}
990	112	1468.91	20510.12	4388.12	771.63	ce2e6f8e-3763-11e6-9329-0322e34d7eeb	{"cachesize":200,"userthreads":112,"engine":"wt","storage":"sam850","workload":"RW","compression":"snappy","server":"blade3","network":"client","runsign":"oltp_rw_longwrite_sam850_network"}
1000	112	2526.10	35375.29	7579.90	37.66	ce2e6f8e-3763-11e6-9329-0322e34d7eeb	{"cachesize":200,"userthreads":112,"engine":"wt","storage":"sam850","workload":"RW","compression":"snappy","server":"blade3","network":"client","runsign":"oltp_rw_longwrite_sam850_network"}
1010	112	5010.80	70144.00	15032.60	37.34	ce2e6f8e-3763-11e6-9329-0322e34d7eeb	{"cachesize":200,"userthreads":112,"engine":"wt","storage":"sam850","workload":"RW","compression":"snappy","server":"blade3","network":"client","runsign":"oltp_rw_longwrite_sam850_network"}
1020	112	4952.30	69333.42	14856.10	37.43	ce2e6f8e-3763-11e6-9329-0322e34d7eeb	{"cachesize":200,"userthreads":112,"engine":"wt","storage":"sam850","workload":"RW","compression":"snappy","server":"blade3","network":"client","runsign":"oltp_rw_longwrite_sam850_network"}
1030	112	2633.79	36925.59	7919.58	54.09	ce2e6f8e-3763-11e6-9329-0322e34d7eeb	{"cachesize":200,"userthreads":112,"engine":"wt","storage":"sam850","workload":"RW","compression":"snappy","server":"blade3","network":"client","runsign":"oltp_rw_longwrite_sam850_network"}
1040	112	640.20	8961.28	1919.80	966.14	ce2e6f8e-3763-11e6-9329-0322e34d7eeb	{"cachesize":200,"userthreads":112,"engine":"wt","storage":"sam850","workload":"RW","compression":"snappy","server":"blade3","network":"client","runsign":"oltp_rw_longwrite_sam850_network"}
1050	112	652.70	9139.41	1958.90	741.07	ce2e6f8e-3763-11e6-9329-0322e34d7eeb	{"cachesize":200,"userthreads":112,"engine":"wt","storage":"sam850","workload":"RW","compression":"snappy","server":"blade3","network":"client","runsign":"oltp_rw_longwrite_sam850_network"}
1060	112	1998.10	27972.19	5993.70	55.20	ce2e6f8e-3763-11e6-9329-0322e34d7eeb	{"cachesize":200,"userthreads":112,"engine":"wt","storage":"sam850","workload":"RW","compression":"snappy","server":"blade3","network":"client","runsign":"oltp_rw_longwrite_sam850_network"}
1070	112	504.40	7062.19	1512.60	1303.29	ce2e6f8e-3763-11e6-9329-0322e34d7eeb	{"cachesize":200,"userthreads":112,"engine":"wt","storage":"sam850","workload":"RW","compression":"snappy","server":"blade3","network":"client","runsign":"oltp_rw_longwrite_sam850_network"}
1080	112	2520.91	35239.79	7546.34	54.29	ce2e6f8e-3763-11e6-9329-0322e34d7eeb	{"cachesize":200,"userthreads":112,"engine":"wt","storage":"sam850","workload":"RW","compression":"snappy","server":"blade3","network":"client","runsign":"oltp_rw_longwrite_sam850_network"}
1090	112	4583.50	64167.87	13749.39	40.92	ce2e6f8e-3763-11e6-9329-0322e34d7eeb	{"cachesize":200,"userthreads":112,"engine":"wt","storage":"sam850","workload":"RW","compression":"snappy","server":"blade3","network":"client","runsign":"oltp_rw_longwrite_sam850_network"}
1100	112	4387.70	61430.80	13162.20	42.84	ce2e6f8e-3763-11e6-9329-0322e34d7eeb	{"cachesize":200,"userthreads":112,"engine":"wt","storage":"sam850","workload":"RW","compression":"snappy","server":"blade3","network":"client","runsign":"oltp_rw_longwrite_sam850_network"}
1110	112	3282.99	46010.50	9867.98	53.29	ce2e6f8e-3763-11e6-9329-0322e34d7eeb	{"cachesize":200,"userthreads":112,"engine":"wt","storage":"sam850","workload":"RW","compression":"snappy","server":"blade3","network":"client","runsign":"oltp_rw_longwrite_sam850_network"}
1120	112	869.30	12175.08	2609.10	661.59	ce2e6f8e-3763-11e6-9329-0322e34d7eeb	{"cachesize":200,"userthreads":112,"engine":"wt","storage":"sam850","workload":"RW","compression":"snappy","server":"blade3","network":"client","runsign":"oltp_rw_longwrite_sam850_network"}
1130	112	618.10	8648.80	1853.10	1024.83	ce2e6f8e-3763-11e6-9329-0322e34d7eeb	{"cachesize":200,"userthreads":112,"engine":"wt","storage":"sam850","workload":"RW","compression":"snappy","server":"blade3","network":"client","runsign":"oltp_rw_longwrite_sam850_network"}
1140	112	677.20	9486.80	2033.20	666.96	ce2e6f8e-3763-11e6-9329-0322e34d7eeb	{"cachesize":200,"userthreads":112,"engine":"wt","storage":"sam850","workload":"RW","compression":"snappy","server":"blade3","network":"client","runsign":"oltp_rw_longwrite_sam850_network"}
1150	112	3819.41	53418.78	11439.44	43.42	ce2e6f8e-3763-11e6-9329-0322e34d7eeb	{"cachesize":200,"userthreads":112,"engine":"wt","storage":"sam850","workload":"RW","compression":"snappy","server":"blade3","network":"client","runsign":"oltp_rw_longwrite_sam850_network"}
1160	112	4045.40	56643.83	12136.51	49.06	ce2e6f8e-3763-11e6-9329-0322e34d7eeb	{"cachesize":200,"userthreads":112,"engine":"wt","storage":"sam850","workload":"RW","compression":"snappy","server":"blade3","network":"client","runsign":"oltp_rw_longwrite_sam850_network"}
1170	112	3982.90	55752.20	11948.20	48.65	ce2e6f8e-3763-11e6-9329-0322e34d7eeb	{"cachesize":200,"userthreads":112,"engine":"wt","storage":"sam850","workload":"RW","compression":"snappy","server":"blade3","network":"client","runsign":"oltp_rw_longwrite_sam850_network"}
1180	112	3983.70	55763.10	11949.70	49.56	ce2e6f8e-3763-11e6-9329-0322e34d7eeb	{"cachesize":200,"userthreads":112,"engine":"wt","storage":"sam850","workload":"RW","compression":"snappy","server":"blade3","network":"client","runsign":"oltp_rw_longwrite_sam850_network"}
1190	112	3807.00	53313.69	11423.00	51.95	ce2e6f8e-3763-11e6-9329-0322e34d7eeb	{"cachesize":200,"userthreads":112,"engine":"wt","storage":"sam850","workload":"RW","compression":"snappy","server":"blade3","network":"client","runsign":"oltp_rw_longwrite_sam850_network"}
1200	112	3660.40	51236.22	10980.40	52.43	ce2e6f8e-3763-11e6-9329-0322e34d7eeb	{"cachesize":200,"userthreads":112,"engine":"wt","storage":"sam850","workload":"RW","compression":"snappy","server":"blade3","network":"client","runsign":"oltp_rw_longwrite_sam850_network"}
1210	112	3793.10	53094.67	11379.09	52.26	ce2e6f8e-3763-11e6-9329-0322e34d7eeb	{"cachesize":200,"userthreads":112,"engine":"wt","storage":"sam850","workload":"RW","compression":"snappy","server":"blade3","network":"client","runsign":"oltp_rw_longwrite_sam850_network"}
1220	112	2101.90	29441.86	6305.49	54.91	ce2e6f8e-3763-11e6-9329-0322e34d7eeb	{"cachesize":200,"userthreads":112,"engine":"wt","storage":"sam850","workload":"RW","compression":"snappy","server":"blade3","network":"client","runsign":"oltp_rw_longwrite_sam850_network"}
1230	112	2415.70	33827.35	7253.11	54.03	ce2e6f8e-3763-11e6-9329-0322e34d7eeb	{"cachesize":200,"userthreads":112,"engine":"wt","storage":"sam850","workload":"RW","compression":"snappy","server":"blade3","network":"client","runsign":"oltp_rw_longwrite_sam850_network"}
1240	112	2761.39	38701.01	8297.78	188.52	ce2e6f8e-3763-11e6-9329-0322e34d7eeb	{"cachesize":200,"userthreads":112,"engine":"wt","storage":"sam850","workload":"RW","compression":"snappy","server":"blade3","network":"client","runsign":"oltp_rw_longwrite_sam850_network"}
1250	112	1340.40	18754.14	4015.41	254.23	ce2e6f8e-3763-11e6-9329-0322e34d7eeb	{"cachesize":200,"userthreads":112,"engine":"wt","storage":"sam850","workload":"RW","compression":"snappy","server":"blade3","network":"client","runsign":"oltp_rw_longwrite_sam850_network"}
1260	112	1251.29	17529.52	3759.48	469.05	ce2e6f8e-3763-11e6-9329-0322e34d7eeb	{"cachesize":200,"userthreads":112,"engine":"wt","storage":"sam850","workload":"RW","compression":"snappy","server":"blade3","network":"client","runsign":"oltp_rw_longwrite_sam850_network"}
1270	112	2619.21	36620.98	7841.24	59.17	ce2e6f8e-3763-11e6-9329-0322e34d7eeb	{"cachesize":200,"userthreads":112,"engine":"wt","storage":"sam850","workload":"RW","compression":"snappy","server":"blade3","network":"client","runsign":"oltp_rw_longwrite_sam850_network"}
1280	112	1768.90	24758.80	5303.50	56.46	ce2e6f8e-3763-11e6-9329-0322e34d7eeb	{"cachesize":200,"userthreads":112,"engine":"wt","storage":"sam850","workload":"RW","compression":"snappy","server":"blade3","network":"client","runsign":"oltp_rw_longwrite_sam850_network"}
1290	112	2219.90	31083.19	6660.20	56.29	ce2e6f8e-3763-11e6-9329-0322e34d7eeb	{"cachesize":200,"userthreads":112,"engine":"wt","storage":"sam850","workload":"RW","compression":"snappy","server":"blade3","network":"client","runsign":"oltp_rw_longwrite_sam850_network"}
1300	112	2377.69	33336.99	7152.38	54.87	ce2e6f8e-3763-11e6-9329-0322e34d7eeb	{"cachesize":200,"userthreads":112,"engine":"wt","storage":"sam850","workload":"RW","compression":"snappy","server":"blade3","network":"client","runsign":"oltp_rw_longwrite_sam850_network"}
1310	112	2935.80	41101.19	8807.40	56.10	ce2e6f8e-3763-11e6-9329-0322e34d7eeb	{"cachesize":200,"userthreads":112,"engine":"wt","storage":"sam850","workload":"RW","compression":"snappy","server":"blade3","network":"client","runsign":"oltp_rw_longwrite_sam850_network"}
1320	112	1712.31	23914.19	5117.72	57.36	ce2e6f8e-3763-11e6-9329-0322e34d7eeb	{"cachesize":200,"userthreads":112,"engine":"wt","storage":"sam850","workload":"RW","compression":"snappy","server":"blade3","network":"client","runsign":"oltp_rw_longwrite_sam850_network"}
1330	112	2312.99	32439.96	6958.17	58.02	ce2e6f8e-3763-11e6-9329-0322e34d7eeb	{"cachesize":200,"userthreads":112,"engine":"wt","storage":"sam850","workload":"RW","compression":"snappy","server":"blade3","network":"client","runsign":"oltp_rw_longwrite_sam850_network"}
1340	112	2209.81	30890.12	6611.42	58.45	ce2e6f8e-3763-11e6-9329-0322e34d7eeb	{"cachesize":200,"userthreads":112,"engine":"wt","storage":"sam850","workload":"RW","compression":"snappy","server":"blade3","network":"client","runsign":"oltp_rw_longwrite_sam850_network"}
1350	112	2363.20	33079.02	7089.20	57.26	ce2e6f8e-3763-11e6-9329-0322e34d7eeb	{"cachesize":200,"userthreads":112,"engine":"wt","storage":"sam850","workload":"RW","compression":"snappy","server":"blade3","network":"client","runsign":"oltp_rw_longwrite_sam850_network"}
1360	112	3377.50	47281.21	10130.90	55.57	ce2e6f8e-3763-11e6-9329-0322e34d7eeb	{"cachesize":200,"userthreads":112,"engine":"wt","storage":"sam850","workload":"RW","compression":"snappy","server":"blade3","network":"client","runsign":"oltp_rw_longwrite_sam850_network"}
1370	112	3228.20	45202.09	9686.60	57.51	ce2e6f8e-3763-11e6-9329-0322e34d7eeb	{"cachesize":200,"userthreads":112,"engine":"wt","storage":"sam850","workload":"RW","compression":"snappy","server":"blade3","network":"client","runsign":"oltp_rw_longwrite_sam850_network"}
1380	112	2050.79	28759.06	6169.77	347.60	ce2e6f8e-3763-11e6-9329-0322e34d7eeb	{"cachesize":200,"userthreads":112,"engine":"wt","storage":"sam850","workload":"RW","compression":"snappy","server":"blade3","network":"client","runsign":"oltp_rw_longwrite_sam850_network"}
1390	112	1926.50	26971.45	5779.71	344.70	ce2e6f8e-3763-11e6-9329-0322e34d7eeb	{"cachesize":200,"userthreads":112,"engine":"wt","storage":"sam850","workload":"RW","compression":"snappy","server":"blade3","network":"client","runsign":"oltp_rw_longwrite_sam850_network"}
1400	112	1969.11	27503.18	5888.52	366.63	ce2e6f8e-3763-11e6-9329-0322e34d7eeb	{"cachesize":200,"userthreads":112,"engine":"wt","storage":"sam850","workload":"RW","compression":"snappy","server":"blade3","network":"client","runsign":"oltp_rw_longwrite_sam850_network"}
1410	112	1368.10	19218.75	4123.49	408.96	ce2e6f8e-3763-11e6-9329-0322e34d7eeb	{"cachesize":200,"userthreads":112,"engine":"wt","storage":"sam850","workload":"RW","compression":"snappy","server":"blade3","network":"client","runsign":"oltp_rw_longwrite_sam850_network"}
1420	112	1394.90	19473.74	4165.71	53.82	ce2e6f8e-3763-11e6-9329-0322e34d7eeb	{"cachesize":200,"userthreads":112,"engine":"wt","storage":"sam850","workload":"RW","compression":"snappy","server":"blade3","network":"client","runsign":"oltp_rw_longwrite_sam850_network"}
1430	112	3413.50	47786.21	10240.10	55.20	ce2e6f8e-3763-11e6-9329-0322e34d7eeb	{"cachesize":200,"userthreads":112,"engine":"wt","storage":"sam850","workload":"RW","compression":"snappy","server":"blade3","network":"client","runsign":"oltp_rw_longwrite_sam850_network"}
1440	112	3547.30	49659.59	10641.90	54.74	ce2e6f8e-3763-11e6-9329-0322e34d7eeb	{"cachesize":200,"userthreads":112,"engine":"wt","storage":"sam850","workload":"RW","compression":"snappy","server":"blade3","network":"client","runsign":"oltp_rw_longwrite_sam850_network"}
1450	112	2301.09	32275.12	6922.28	266.63	ce2e6f8e-3763-11e6-9329-0322e34d7eeb	{"cachesize":200,"userthreads":112,"engine":"wt","storage":"sam850","workload":"RW","compression":"snappy","server":"blade3","network":"client","runsign":"oltp_rw_longwrite_sam850_network"}
1460	112	1240.90	17371.10	3722.70	395.12	ce2e6f8e-3763-11e6-9329-0322e34d7eeb	{"cachesize":200,"userthreads":112,"engine":"wt","storage":"sam850","workload":"RW","compression":"snappy","server":"blade3","network":"client","runsign":"oltp_rw_longwrite_sam850_network"}
1470	112	1446.90	20211.85	4322.71	397.85	ce2e6f8e-3763-11e6-9329-0322e34d7eeb	{"cachesize":200,"userthreads":112,"engine":"wt","storage":"sam850","workload":"RW","compression":"snappy","server":"blade3","network":"client","runsign":"oltp_rw_longwrite_sam850_network"}
1480	112	1374.89	19295.33	4143.08	60.97	ce2e6f8e-3763-11e6-9329-0322e34d7eeb	{"cachesize":200,"userthreads":112,"engine":"wt","storage":"sam850","workload":"RW","compression":"snappy","server":"blade3","network":"client","runsign":"oltp_rw_longwrite_sam850_network"}
1490	112	1203.60	16794.36	3590.61	52.53	ce2e6f8e-3763-11e6-9329-0322e34d7eeb	{"cachesize":200,"userthreads":112,"engine":"wt","storage":"sam850","workload":"RW","compression":"snappy","server":"blade3","network":"client","runsign":"oltp_rw_longwrite_sam850_network"}
1500	112	3668.40	51355.50	11005.80	53.50	ce2e6f8e-3763-11e6-9329-0322e34d7eeb	{"cachesize":200,"userthreads":112,"engine":"wt","storage":"sam850","workload":"RW","compression":"snappy","server":"blade3","network":"client","runsign":"oltp_rw_longwrite_sam850_network"}
1510	112	3175.20	44452.80	9526.20	56.17	ce2e6f8e-3763-11e6-9329-0322e34d7eeb	{"cachesize":200,"userthreads":112,"engine":"wt","storage":"sam850","workload":"RW","compression":"snappy","server":"blade3","network":"client","runsign":"oltp_rw_longwrite_sam850_network"}
1520	112	2170.30	30429.50	6526.50	201.72	ce2e6f8e-3763-11e6-9329-0322e34d7eeb	{"cachesize":200,"userthreads":112,"engine":"wt","storage":"sam850","workload":"RW","compression":"snappy","server":"blade3","network":"client","runsign":"oltp_rw_longwrite_sam850_network"}
1530	112	1426.70	19984.49	4282.90	384.50	ce2e6f8e-3763-11e6-9329-0322e34d7eeb	{"cachesize":200,"userthreads":112,"engine":"wt","storage":"sam850","workload":"RW","compression":"snappy","server":"blade3","network":"client","runsign":"oltp_rw_longwrite_sam850_network"}
1540	112	1085.30	15194.54	3255.89	556.48	ce2e6f8e-3763-11e6-9329-0322e34d7eeb	{"cachesize":200,"userthreads":112,"engine":"wt","storage":"sam850","workload":"RW","compression":"snappy","server":"blade3","network":"client","runsign":"oltp_rw_longwrite_sam850_network"}
1550	112	2266.80	31734.79	6800.20	380.04	ce2e6f8e-3763-11e6-9329-0322e34d7eeb	{"cachesize":200,"userthreads":112,"engine":"wt","storage":"sam850","workload":"RW","compression":"snappy","server":"blade3","network":"client","runsign":"oltp_rw_longwrite_sam850_network"}
1560	112	232.00	3185.41	676.00	478.69	ce2e6f8e-3763-11e6-9329-0322e34d7eeb	{"cachesize":200,"userthreads":112,"engine":"wt","storage":"sam850","workload":"RW","compression":"snappy","server":"blade3","network":"client","runsign":"oltp_rw_longwrite_sam850_network"}
1570	112	3586.50	50218.91	10759.70	53.93	ce2e6f8e-3763-11e6-9329-0322e34d7eeb	{"cachesize":200,"userthreads":112,"engine":"wt","storage":"sam850","workload":"RW","compression":"snappy","server":"blade3","network":"client","runsign":"oltp_rw_longwrite_sam850_network"}
1580	112	3344.90	46832.49	10036.50	55.75	ce2e6f8e-3763-11e6-9329-0322e34d7eeb	{"cachesize":200,"userthreads":112,"engine":"wt","storage":"sam850","workload":"RW","compression":"snappy","server":"blade3","network":"client","runsign":"oltp_rw_longwrite_sam850_network"}
1590	112	2738.50	38378.77	8229.79	63.30	ce2e6f8e-3763-11e6-9329-0322e34d7eeb	{"cachesize":200,"userthreads":112,"engine":"wt","storage":"sam850","workload":"RW","compression":"snappy","server":"blade3","network":"client","runsign":"oltp_rw_longwrite_sam850_network"}
1600	112	1242.30	17402.34	3730.59	460.28	ce2e6f8e-3763-11e6-9329-0322e34d7eeb	{"cachesize":200,"userthreads":112,"engine":"wt","storage":"sam850","workload":"RW","compression":"snappy","server":"blade3","network":"client","runsign":"oltp_rw_longwrite_sam850_network"}
1610	112	1310.50	18343.62	3930.10	386.23	ce2e6f8e-3763-11e6-9329-0322e34d7eeb	{"cachesize":200,"userthreads":112,"engine":"wt","storage":"sam850","workload":"RW","compression":"snappy","server":"blade3","network":"client","runsign":"oltp_rw_longwrite_sam850_network"}
1620	112	2328.30	32600.00	6986.30	292.64	ce2e6f8e-3763-11e6-9329-0322e34d7eeb	{"cachesize":200,"userthreads":112,"engine":"wt","storage":"sam850","workload":"RW","compression":"snappy","server":"blade3","network":"client","runsign":"oltp_rw_longwrite_sam850_network"}
1630	112	534.50	7485.62	1604.30	516.35	ce2e6f8e-3763-11e6-9329-0322e34d7eeb	{"cachesize":200,"userthreads":112,"engine":"wt","storage":"sam850","workload":"RW","compression":"snappy","server":"blade3","network":"client","runsign":"oltp_rw_longwrite_sam850_network"}
1640	112	1579.60	22054.85	4719.59	54.46	ce2e6f8e-3763-11e6-9329-0322e34d7eeb	{"cachesize":200,"userthreads":112,"engine":"wt","storage":"sam850","workload":"RW","compression":"snappy","server":"blade3","network":"client","runsign":"oltp_rw_longwrite_sam850_network"}
1650	112	3452.01	48330.21	10355.42	55.40	ce2e6f8e-3763-11e6-9329-0322e34d7eeb	{"cachesize":200,"userthreads":112,"engine":"wt","storage":"sam850","workload":"RW","compression":"snappy","server":"blade3","network":"client","runsign":"oltp_rw_longwrite_sam850_network"}
1660	112	3507.10	49093.71	10521.70	54.66	ce2e6f8e-3763-11e6-9329-0322e34d7eeb	{"cachesize":200,"userthreads":112,"engine":"wt","storage":"sam850","workload":"RW","compression":"snappy","server":"blade3","network":"client","runsign":"oltp_rw_longwrite_sam850_network"}
1670	112	1991.80	27940.80	5991.80	304.25	ce2e6f8e-3763-11e6-9329-0322e34d7eeb	{"cachesize":200,"userthreads":112,"engine":"wt","storage":"sam850","workload":"RW","compression":"snappy","server":"blade3","network":"client","runsign":"oltp_rw_longwrite_sam850_network"}
1680	112	1146.60	16059.66	3442.59	423.28	ce2e6f8e-3763-11e6-9329-0322e34d7eeb	{"cachesize":200,"userthreads":112,"engine":"wt","storage":"sam850","workload":"RW","compression":"snappy","server":"blade3","network":"client","runsign":"oltp_rw_longwrite_sam850_network"}
1690	112	1721.70	24043.76	5145.71	406.64	ce2e6f8e-3763-11e6-9329-0322e34d7eeb	{"cachesize":200,"userthreads":112,"engine":"wt","storage":"sam850","workload":"RW","compression":"snappy","server":"blade3","network":"client","runsign":"oltp_rw_longwrite_sam850_network"}
1700	112	1527.39	21443.20	4601.58	421.89	ce2e6f8e-3763-11e6-9329-0322e34d7eeb	{"cachesize":200,"userthreads":112,"engine":"wt","storage":"sam850","workload":"RW","compression":"snappy","server":"blade3","network":"client","runsign":"oltp_rw_longwrite_sam850_network"}
1710	112	437.60	6127.01	1313.00	939.05	ce2e6f8e-3763-11e6-9329-0322e34d7eeb	{"cachesize":200,"userthreads":112,"engine":"wt","storage":"sam850","workload":"RW","compression":"snappy","server":"blade3","network":"client","runsign":"oltp_rw_longwrite_sam850_network"}
1720	112	3016.51	42175.08	9028.92	57.55	ce2e6f8e-3763-11e6-9329-0322e34d7eeb	{"cachesize":200,"userthreads":112,"engine":"wt","storage":"sam850","workload":"RW","compression":"snappy","server":"blade3","network":"client","runsign":"oltp_rw_longwrite_sam850_network"}
1730	112	3494.50	48926.24	10484.31	54.99	ce2e6f8e-3763-11e6-9329-0322e34d7eeb	{"cachesize":200,"userthreads":112,"engine":"wt","storage":"sam850","workload":"RW","compression":"snappy","server":"blade3","network":"client","runsign":"oltp_rw_longwrite_sam850_network"}
1740	112	2784.20	38992.48	8355.90	64.35	ce2e6f8e-3763-11e6-9329-0322e34d7eeb	{"cachesize":200,"userthreads":112,"engine":"wt","storage":"sam850","workload":"RW","compression":"snappy","server":"blade3","network":"client","runsign":"oltp_rw_longwrite_sam850_network"}
1750	112	1304.00	18283.29	3925.30	413.51	ce2e6f8e-3763-11e6-9329-0322e34d7eeb	{"cachesize":200,"userthreads":112,"engine":"wt","storage":"sam850","workload":"RW","compression":"snappy","server":"blade3","network":"client","runsign":"oltp_rw_longwrite_sam850_network"}
1760	112	1109.00	15512.51	3320.00	439.55	ce2e6f8e-3763-11e6-9329-0322e34d7eeb	{"cachesize":200,"userthreads":112,"engine":"wt","storage":"sam850","workload":"RW","compression":"snappy","server":"blade3","network":"client","runsign":"oltp_rw_longwrite_sam850_network"}
1770	112	2100.49	29429.78	6310.27	243.95	ce2e6f8e-3763-11e6-9329-0322e34d7eeb	{"cachesize":200,"userthreads":112,"engine":"wt","storage":"sam850","workload":"RW","compression":"snappy","server":"blade3","network":"client","runsign":"oltp_rw_longwrite_sam850_network"}
1780	112	613.60	8589.20	1841.40	987.48	ce2e6f8e-3763-11e6-9329-0322e34d7eeb	{"cachesize":200,"userthreads":112,"engine":"wt","storage":"sam850","workload":"RW","compression":"snappy","server":"blade3","network":"client","runsign":"oltp_rw_longwrite_sam850_network"}
1790	112	2241.90	31338.85	6708.11	58.93	ce2e6f8e-3763-11e6-9329-0322e34d7eeb	{"cachesize":200,"userthreads":112,"engine":"wt","storage":"sam850","workload":"RW","compression":"snappy","server":"blade3","network":"client","runsign":"oltp_rw_longwrite_sam850_network"}
1800	112	2964.51	41502.51	8892.92	58.09	ce2e6f8e-3763-11e6-9329-0322e34d7eeb	{"cachesize":200,"userthreads":112,"engine":"wt","storage":"sam850","workload":"RW","compression":"snappy","server":"blade3","network":"client","runsign":"oltp_rw_longwrite_sam850_network"}
